STATE,NAME,Population,Region,2/15/2020,2/16/2020,2/17/2020,2/18/2020,2/19/2020,2/20/2020,2/21/2020,2/22/2020,2/23/2020,2/24/2020,2/25/2020,2/26/2020,2/27/2020,2/28/2020,2/29/2020,3/1/2020,3/2/2020,3/3/2020,3/4/2020,3/5/2020,3/6/2020,3/7/2020,3/8/2020,3/9/2020,3/10/2020,3/11/2020,3/12/2020,3/13/2020,3/14/2020,3/15/2020,3/16/2020,3/17/2020,3/18/2020,3/19/2020,3/20/2020,3/21/2020,3/22/2020,3/23/2020,3/24/2020,3/25/2020,3/26/2020,3/27/2020,3/28/2020,3/29/2020,3/30/2020,3/31/2020,4/1/2020,4/2/2020,4/3/2020,4/4/2020,4/5/2020,4/6/2020,4/7/2020,4/8/2020,4/9/2020,4/10/2020,4/11/2020,4/12/2020,4/13/2020,4/14/2020,4/15/2020,4/16/2020,4/17/2020,4/18/2020,4/19/2020,4/20/2020,4/21/2020,4/22/2020,4/23/2020,4/24/2020,4/25/2020,4/26/2020,4/27/2020,4/28/2020,4/29/2020,4/30/2020,5/1/2020,5/2/2020,5/3/2020,5/4/2020,5/5/2020,5/6/2020,5/7/2020,5/8/2020,5/9/2020,5/10/2020,5/11/2020,5/12/2020,5/13/2020,5/14/2020,5/15/2020,5/16/2020,5/17/2020,5/18/2020,5/19/2020,5/20/2020,5/21/2020,5/22/2020,5/23/2020,5/24/2020,5/25/2020,5/26/2020,5/27/2020,5/28/2020,5/29/2020,5/30/2020,5/31/2020,6/1/2020,6/2/2020,6/3/2020,6/4/2020,6/5/2020,6/6/2020,6/7/2020,6/8/2020,6/9/2020,6/10/2020,6/11/2020,6/12/2020,6/13/2020,6/14/2020,6/15/2020,6/16/2020,6/17/2020,6/18/2020,6/19/2020,6/20/2020,6/21/2020,6/22/2020,6/23/2020,6/24/2020,6/25/2020,6/26/2020,6/27/2020,6/28/2020,6/29/2020,6/30/2020,7/1/2020,7/2/2020,7/3/2020,7/4/2020,7/5/2020,7/6/2020,7/7/2020,7/8/2020,7/9/2020,7/10/2020,7/11/2020,7/12/2020,7/13/2020,7/14/2020,7/15/2020,7/16/2020,7/17/2020,7/18/2020,7/19/2020,7/20/2020,7/21/2020,7/22/2020,7/23/2020,7/24/2020,7/25/2020,7/26/2020,7/27/2020,7/28/2020,7/29/2020,7/30/2020,7/31/2020,8/1/2020,8/2/2020,8/3/2020,8/4/2020,8/5/2020,8/6/2020,8/7/2020,8/8/2020,8/9/2020,8/10/2020,8/11/2020,8/12/2020,8/13/2020,8/14/2020,8/15/2020,8/16/2020,8/17/2020,8/18/2020,8/19/2020,8/20/2020,8/21/2020,8/22/2020,8/23/2020,8/24/2020,8/25/2020,8/26/2020,8/27/2020,8/28/2020,8/29/2020,8/30/2020,8/31/2020,9/1/2020,9/2/2020,9/3/2020,9/4/2020,9/5/2020,9/6/2020,9/7/2020,9/8/2020,9/9/2020,9/10/2020,9/11/2020,9/12/2020,9/13/2020,9/14/2020,9/15/2020,9/16/2020,9/17/2020,9/18/2020,9/19/2020,9/20/2020,9/21/2020,9/22/2020,9/23/2020,9/24/2020,9/25/2020,9/26/2020,9/27/2020,9/28/2020,9/29/2020,9/30/2020,10/1/2020,10/2/2020,10/3/2020,10/4/2020,10/5/2020,10/6/2020,10/7/2020,10/8/2020,10/9/2020,10/10/2020,10/11/2020,10/12/2020,10/13/2020,10/14/2020,10/15/2020,10/16/2020,10/17/2020,10/18/2020,10/19/2020,10/20/2020,10/21/2020,10/22/2020,10/23/2020,10/24/2020,10/25/2020,10/26/2020,10/27/2020,10/28/2020,10/29/2020,10/30/2020,10/31/2020,11/1/2020,11/2/2020,11/3/2020,11/4/2020,11/5/2020,11/6/2020,11/7/2020,11/8/2020,11/9/2020,11/10/2020,11/11/2020,11/12/2020,11/13/2020,11/14/2020,11/15/2020,11/16/2020,11/17/2020,11/18/2020,11/19/2020,11/20/2020,11/21/2020,11/22/2020,11/23/2020,11/24/2020,11/25/2020,11/26/2020,11/27/2020,11/28/2020,11/29/2020,11/30/2020,12/1/2020,12/2/2020,12/3/2020,12/4/2020,12/5/2020,12/6/2020,12/7/2020,12/8/2020,12/9/2020,12/10/2020,12/11/2020,12/12/2020,12/13/2020,12/14/2020,12/15/2020,12/16/2020,12/17/2020,12/18/2020,12/19/2020,12/20/2020,12/21/2020,12/22/2020,12/23/2020,12/24/2020,12/25/2020,12/26/2020,12/27/2020,12/28/2020,12/29/2020,12/30/2020,12/31/2020,1/1/2021,1/2/2021,1/3/2021,1/4/2021,1/5/2021,1/6/2021,1/7/2021,1/8/2021,1/9/2021,1/10/2021,1/11/2021,1/12/2021,1/13/2021,1/14/2021,1/15/2021,1/16/2021,1/17/2021,1/18/2021,1/19/2021,1/20/2021,1/21/2021,1/22/2021,1/23/2021,1/24/2021,1/25/2021,1/26/2021,1/27/2021,1/28/2021,1/29/2021,1/30/2021,1/31/2021,2/1/2021,2/2/2021,2/3/2021,2/4/2021,2/5/2021,2/6/2021,2/7/2021,2/8/2021,2/9/2021,2/10/2021,2/11/2021,2/12/2021,2/13/2021,2/14/2021,2/15/2021,2/16/2021,2/17/2021,2/18/2021,2/19/2021,2/20/2021,2/21/2021,2/22/2021,2/23/2021,2/24/2021,2/25/2021,2/26/2021,2/27/2021,2/28/2021,3/1/2021,3/2/2021,3/3/2021,3/4/2021,3/5/2021,3/6/2021,3/7/2021,3/8/2021,3/9/2021,3/10/2021,3/11/2021,3/12/2021,3/13/2021,3/14/2021,3/15/2021,3/16/2021,3/17/2021,3/18/2021,3/19/2021,3/20/2021,3/21/2021,3/22/2021,3/23/2021,3/24/2021,3/25/2021,3/26/2021,3/27/2021,3/28/2021,3/29/2021,3/30/2021,3/31/2021,4/1/2021,4/2/2021,4/3/2021,4/4/2021,4/5/2021,4/6/2021,4/7/2021,4/8/2021,4/9/2021,4/10/2021,4/11/2021,4/12/2021,4/13/2021,4/14/2021,4/15/2021,4/16/2021,4/17/2021,4/18/2021,4/19/2021,4/20/2021,4/21/2021,4/22/2021,4/23/2021,4/24/2021,4/25/2021,4/26/2021,4/27/2021,4/28/2021,4/29/2021,4/30/2021,5/1/2021,5/2/2021,5/3/2021,5/4/2021,5/5/2021,5/6/2021,5/7/2021,5/8/2021,5/9/2021,5/10/2021,5/11/2021,5/12/2021,5/13/2021,5/14/2021,5/15/2021,5/16/2021,5/17/2021,5/18/2021,5/19/2021,5/20/2021,5/21/2021,5/22/2021,5/23/2021,5/24/2021,5/25/2021,5/26/2021,5/27/2021,5/28/2021,5/29/2021,5/30/2021,5/31/2021,6/1/2021,6/2/2021,6/3/2021,6/4/2021,6/5/2021,6/6/2021,6/7/2021,6/8/2021,6/9/2021,6/10/2021,6/11/2021,6/12/2021,6/13/2021,6/14/2021,6/15/2021,6/16/2021
1,Alabama,"5,024,279",1,5,0,3,-4,4,-7,3,5,3,-2,7,16,12,12,15,16,8,20,7,7,9,12,12,10,9,10,10,7,1,-7,-2,-11,-13,-20,-27,-35,-40,-33,-32,-28,-30,-30,-36,-41,-33,-36,-25,-32,-29,-41,-50,-37,-39,-36,-35,-34,-39,-64,-31,-30,-19,-26,-29,-33,-45,-23,-23,-23,-35,-26,-31,-30,-20,-21,-22,-18,-16,-21,-20,-11,-12,-11,-15,-22,-15,-19,-11,-9,-5,-10,-13,-15,-18,-8,-6,-1,-5,-11,-14,-13,-20,-12,-9,-6,-9,-11,-9,-1,-4,1,-6,-10,-11,-15,-10,-8,-1,-3,-7,-9,-8,-3,-3,1,-4,-6,-6,-10,-8,-7,-3,-6,-9,-11,-10,-5,-2,4,6,-3,-35,-18,-5,-7,-3,-6,-10,-11,-16,-6,-4,-3,-8,-11,-13,-12,-9,-9,-4,-8,-11,-14,-13,-8,-9,-5,-8,-7,-9,-10,-1,-4,-2,-8,-10,-12,-11,-7,-8,-5,-10,-12,-12,-11,-9,-9,-7,-12,-12,-13,-15,-13,-13,-9,-13,-15,-14,-17,-11,-7,-7,-4,-5,-9,-8,-16,-10,-6,-11,-11,-12,-13,-9,-18,-27,-14,-12,-12,-11,-9,-10,-8,-17,-12,-16,-13,-14,-11,-5,-6,-6,-10,-9,-7,-8,-7,-12,-14,-23,-16,-11,-11,-8,-11,-10,-13,-12,-12,-12,-9,-12,-11,-20,-14,-12,-12,-13,-12,-6,-11,-10,-9,4,-10,-13,-12,-13,-12,-12,-11,-8,-14,-12,-12,-14,-12,-12,-9,-13,-12,-14,-12,-6,-2,6,-76,-21,-25,-23,-11,-8,-8,-9,-14,-13,-14,-11,-12,-8,-12,-12,-15,-13,-11,-10,-8,-10,-10,-12,-10,1,4,17,-12,-86,-27,-21,-9,-9,1,1,-44,-19,-16,-5,-10,-10,-20,-18,-16,-15,-17,-15,-13,-17,-18,-19,-19,-14,-19,-16,-21,-20,-18,-21,-20,-18,-15,-18,-16,-15,-18,-17,-16,-9,-16,-16,-19,-21,-16,-15,-10,-19,-15,-14,-11,-36,-47,-17,-23,-17,-13,-13,-12,-10,-4,-9,-11,-8,-8,-10,-14,2,-6,-8,-5,-5,-6,-6,-1,-7,-6,0,3,-2,-2,-8,5,0,4,5,4,-3,6,-19,-1,-2,-3,3,2,-2,7,4,3,-23,7,7,13,4,-2,-2,6,4,3,3,-1,-2,-1,2,2,1,3,-1,-2,-9,2,1,1,4,0,1,3,-1,1,-11,8,2,1,4,3,-2,-4,1,-1,-2,-2,0,1,1,6,2,-1,-3,-1,2,3,8,5,1,-2,1,-13,3,3,2,-1,-3,-6,1,0,2,0,-3,-4,-1,1,2,6
2,Alaska,"733,391",2,5,15,3,-2,0,3,-1,5,12,4,6,12,10,12,13,18,6,11,11,9,9,12,13,7,13,12,12,7,0,5,1,-14,-19,-26,-28,-37,-30,-36,-37,-40,-40,-42,-47,-48,-40,-37,-35,-42,-42,-47,-41,-37,-38,-38,-38,-40,-41,-55,-36,-32,-25,-29,-32,-33,-28,-25,-27,-24,-27,-28,-25,-17,-14,-15,-12,-16,-16,-15,-9,-9,-6,-6,-11,-13,-8,2,-6,-4,0,-6,-5,-7,6,0,0,3,-3,-3,-8,3,-14,3,5,5,0,-2,9,9,7,11,6,3,2,15,3,7,13,9,6,5,18,14,13,12,8,3,2,16,9,11,14,10,4,5,12,12,20,33,26,11,-17,15,19,18,14,11,8,5,19,18,20,21,13,6,6,19,16,18,16,14,4,4,24,15,15,16,13,8,5,19,13,13,14,5,3,0,13,8,7,10,7,4,2,17,12,9,8,6,2,-1,8,4,3,5,1,0,-1,9,6,8,5,4,4,2,14,-6,4,4,1,-2,-1,9,4,2,2,-3,-2,-2,6,3,-1,-1,-6,-5,-5,2,0,-1,1,0,-3,-2,3,1,0,-4,-8,-7,-7,-2,-4,-6,-5,-8,-7,-6,-7,-4,-6,-6,-10,-9,-10,-8,-12,-10,-8,-10,-8,-8,-8,-9,-1,-13,-16,-21,-18,-19,-11,-10,-7,-16,-17,-17,-12,-13,-16,-16,-20,-19,-17,-15,-10,-10,-2,-74,-24,-23,-17,-10,-14,-16,-20,-19,-20,-17,-13,-17,-15,-18,-19,-16,-13,-11,-11,-11,-15,-14,-18,-7,0,-3,7,-14,-83,-30,-19,-11,-14,-6,-5,-46,-23,-17,-11,-12,-14,-19,-19,-20,-13,-14,-17,-15,-20,-19,-20,-15,-19,-21,-17,-19,-19,-20,-17,-16,-17,-17,-21,-18,-17,-12,-12,-16,-15,-18,-18,-19,-22,-17,-19,-14,-16,-13,-13,0,-13,-16,-15,-18,-16,-17,-11,-12,-14,-11,-13,-13,-11,-4,-9,-9,-3,-8,-9,-7,2,-3,-7,-8,-16,-7,-3,5,-4,1,4,-2,-2,-2,9,1,0,1,-8,-4,-3,5,-1,-1,1,2,0,-2,-24,4,1,3,-8,-4,-2,5,2,1,3,1,2,4,11,7,7,8,3,3,5,16,11,8,10,4,8,10,17,13,10,15,8,9,11,27,14,13,16,15,11,11,24,21,18,18,13,10,10,27,22,21,24,19,14,10,33,8,26,23,22,18,17,38,32,24,28,22,20,18,38,35,31,28
4,Arizona,"7,151,502",2,3,7,9,2,4,5,2,-2,6,5,5,9,9,7,6,12,8,9,8,9,6,4,9,9,6,5,6,0,-5,-2,0,-9,-23,-22,-28,-36,-37,-31,-32,-33,-34,-38,-41,-40,-30,-33,-38,-38,-38,-44,-43,-38,-38,-39,-37,-38,-43,-57,-39,-37,-31,-33,-37,-40,-38,-33,-34,-34,-34,-36,-40,-37,-31,-32,-31,-30,-31,-36,-34,-28,-27,-30,-29,-30,-32,-29,-25,-24,-24,-24,-26,-29,-25,-19,-18,-16,-15,-20,-25,-20,-20,-19,-19,-18,-22,-26,-23,-17,-18,-18,-18,-21,-23,-19,-14,-15,-16,-17,-20,-23,-20,-17,-17,-17,-17,-21,-25,-23,-20,-20,-20,-20,-24,-28,-25,-19,-19,-19,-16,-23,-42,-32,-21,-22,-23,-23,-27,-32,-29,-23,-22,-22,-23,-26,-30,-26,-21,-21,-22,-22,-25,-29,-26,-22,-22,-22,-22,-24,-28,-24,-20,-20,-22,-23,-25,-27,-24,-23,-24,-24,-24,-25,-27,-25,-23,-24,-24,-23,-24,-26,-23,-24,-23,-23,-23,-23,-25,-22,-20,-18,-20,-18,-21,-25,-20,-20,-22,-20,-20,-22,-23,-22,-21,-20,-21,-21,-21,-23,-21,-20,-20,-21,-20,-21,-23,-21,-20,-20,-20,-17,-19,-21,-19,-18,-18,-19,-18,-20,-22,-19,-18,-19,-18,-18,-19,-21,-18,-19,-19,-18,-18,-18,-20,-17,-17,-17,-17,-15,-16,-21,-19,-17,-15,-20,-19,-18,-20,-17,-18,-16,-12,-18,-19,-20,-18,-18,-19,-18,-18,-19,-20,-16,-13,-10,-2,-64,-25,-26,-22,-17,-17,-18,-18,-20,-20,-19,-18,-18,-18,-20,-20,-21,-19,-17,-16,-16,-16,-17,-19,-15,-6,-4,0,-15,-77,-30,-23,-14,-14,-10,-8,-38,-24,-22,-17,-18,-21,-21,-23,-23,-20,-20,-21,-22,-22,-23,-24,-20,-17,-23,-24,-23,-23,-24,-27,-28,-25,-22,-21,-24,-21,-17,-19,-19,-18,-19,-20,-20,-24,-20,-20,-18,-17,-18,-17,-8,-14,-19,-18,-18,-19,-18,-14,-16,-16,-14,-14,-15,-16,-12,-12,-13,-12,-13,-14,-15,-10,-12,-13,-11,-12,-15,-15,-6,-7,-7,0,-3,-8,-9,-2,-5,-8,-7,-8,-10,-10,-4,-6,-6,-4,-3,-7,-10,-26,-6,-6,-5,-7,-10,-11,-6,-8,-8,-7,-8,-11,-12,-7,-8,-8,-9,-8,-11,-13,-8,-10,-10,-9,-9,-11,-13,-8,-8,-8,-8,-10,-12,-12,-5,-9,-11,-10,-10,-12,-14,-9,-8,-9,-8,-7,-12,-15,-10,-8,-8,-7,-6,-11,-16,-10,-11,-9,-10,-9,-14,-17,-12,-9,-10,-11,-10,-15,-18,-14,-11,-12,-12
5,Arkansas,"3,011,524",1,3,5,1,-3,4,2,5,3,0,3,7,16,16,18,17,18,14,22,15,17,13,12,16,6,13,12,14,5,-7,-5,-6,-10,-12,-18,-23,-33,-41,-29,-30,-25,-24,-28,-39,-29,-31,-26,-19,-24,-28,-42,-36,-29,-30,-25,-25,-25,-35,-53,-26,-25,-10,-15,-23,-25,-31,-16,-15,-25,-18,-20,-23,-18,-14,-15,-9,-8,-8,-15,-15,-8,-5,-4,-9,-10,-9,-8,-9,-13,-3,-7,-13,-16,-11,-2,-2,1,-2,-7,-11,-6,-16,-6,-3,-4,-5,-10,-4,2,1,4,-1,-4,-9,-4,-10,0,3,1,-3,-8,-3,-1,0,1,0,-2,-9,-6,-5,-3,1,-1,-6,-11,-7,-5,2,7,10,5,-26,-11,0,-1,0,-5,-5,-12,-5,-4,-2,0,-4,-6,-12,-7,-5,-4,-4,-5,-6,-12,-7,-4,-4,-4,-4,-3,-6,-2,2,0,0,-3,-5,-9,-5,-3,-6,-1,-3,-5,-9,-4,-3,-3,0,-1,-4,-8,-2,-5,-6,-4,-16,-7,-12,-9,-8,-5,-5,1,0,-7,-2,-12,-6,-4,-6,-6,-11,-8,-5,-4,-4,-5,-5,-8,-5,-6,-11,-10,-7,-5,-10,-8,-7,-6,-4,-1,-1,-7,-4,-4,-7,-6,-7,-6,-14,-7,-8,-8,-4,-6,-5,-11,-9,-9,-8,-5,-6,-7,-12,-10,-11,-9,-12,-5,0,-7,-6,-6,-1,-7,-7,-6,-11,-8,-9,-9,-6,-9,-8,-15,-10,-11,-10,-8,-10,-10,-16,-13,-5,-3,10,-74,-17,-21,-20,-9,-5,-10,-8,-9,-14,-12,-10,-10,-8,-8,-13,-12,-25,-12,-10,-7,-7,-6,-13,-5,3,5,16,-5,-84,-22,-18,-8,-11,-8,2,-33,-19,-11,-2,-5,-12,-16,-14,-16,-15,-14,-14,-13,-16,-17,-20,-17,-15,-16,-16,-16,-15,-19,-20,-15,-11,-14,-13,-12,-19,-15,-9,-10,-5,-10,-9,-17,-21,-16,-13,-23,-41,-19,-16,-40,-76,-52,-71,-54,-35,-25,-17,-2,0,0,-5,-9,-11,-10,-3,-3,5,1,-5,-4,1,-2,-2,-1,-2,-2,3,6,11,11,12,11,9,6,15,8,7,12,2,6,-1,17,11,6,12,15,14,7,-9,9,9,9,12,4,5,14,9,8,6,8,2,1,7,6,3,6,4,-1,-2,9,5,4,2,2,8,3,2,9,6,12,8,6,7,9,2,-3,7,9,6,1,8,1,3,3,6,3,0,7,5,5,10,8,10,2,11,-6,4,10,14,8,-1,6,3,4,9,8,4,-1,9,8,9,10
6,California,"39,538,223",2,1,5,9,0,0,2,1,0,4,2,3,5,5,4,4,5,6,8,4,5,2,0,2,3,-1,3,-3,-3,-13,-16,-12,-23,-29,-32,-40,-48,-50,-41,-42,-42,-42,-44,-50,-50,-40,-40,-39,-41,-42,-50,-53,-46,-47,-47,-49,-47,-48,-62,-45,-43,-45,-54,-56,-59,-59,-54,-53,-53,-53,-54,-56,-56,-51,-51,-49,-47,-47,-50,-50,-44,-44,-46,-46,-46,-46,-47,-45,-45,-44,-45,-45,-47,-47,-43,-42,-41,-40,-41,-44,-43,-43,-40,-39,-39,-40,-42,-43,-41,-39,-36,-35,-36,-37,-35,-32,-32,-31,-31,-32,-34,-32,-29,-29,-29,-28,-30,-31,-32,-29,-29,-29,-29,-31,-33,-31,-26,-25,-24,-22,-25,-48,-36,-26,-27,-28,-28,-31,-33,-32,-27,-28,-29,-30,-31,-34,-32,-28,-29,-29,-29,-31,-33,-31,-28,-29,-29,-29,-30,-32,-30,-26,-27,-27,-27,-29,-31,-29,-27,-27,-28,-29,-30,-33,-31,-28,-30,-30,-30,-31,-32,-31,-29,-29,-29,-29,-30,-30,-28,-28,-26,-27,-26,-26,-31,-29,-27,-28,-29,-29,-29,-29,-29,-27,-27,-28,-28,-27,-27,-26,-27,-27,-27,-28,-27,-27,-26,-26,-28,-27,-25,-27,-26,-25,-25,-26,-27,-26,-27,-26,-25,-25,-26,-26,-26,-26,-26,-25,-26,-27,-26,-27,-26,-26,-26,-26,-26,-25,-24,-24,-26,-26,-24,-24,-28,-27,-27,-29,-28,-25,-25,-20,-27,-28,-27,-26,-26,-28,-28,-28,-29,-29,-27,-23,-21,-15,-63,-35,-35,-31,-27,-27,-28,-28,-29,-29,-29,-30,-31,-31,-32,-34,-34,-35,-29,-29,-29,-30,-31,-32,-29,-21,-20,-16,-28,-76,-41,-38,-34,-28,-25,-25,-52,-38,-37,-31,-32,-35,-36,-36,-36,-35,-34,-35,-36,-36,-37,-37,-35,-30,-37,-36,-35,-37,-40,-38,-36,-34,-36,-36,-38,-32,-31,-31,-32,-31,-31,-31,-30,-35,-31,-32,-30,-31,-30,-28,-23,-25,-31,-30,-30,-31,-29,-26,-28,-28,-28,-28,-28,-26,-24,-25,-26,-28,-25,-26,-25,-24,-25,-27,-29,-27,-27,-24,-24,-26,-22,-20,-22,-23,-21,-18,-21,-22,-21,-22,-22,-21,-18,-19,-19,-16,-16,-18,-19,-33,-17,-19,-18,-18,-20,-20,-17,-20,-21,-20,-19,-20,-20,-17,-19,-19,-20,-20,-21,-20,-19,-20,-19,-18,-18,-19,-19,-16,-16,-17,-16,-18,-18,-17,-14,-17,-18,-18,-18,-18,-19,-17,-17,-18,-17,-17,-18,-18,-15,-16,-17,-15,-14,-14,-18,-14,-13,-15,-14,-13,-15,-17,-14,-14,-13,-13,-12,-16,-18,-14,-13,-13,-13
8,Colorado,"5,773,714",2,2,7,5,-5,-6,2,3,3,-4,0,-3,7,7,7,5,8,3,9,8,8,6,6,8,6,6,7,6,-6,-14,-14,-7,-24,-26,-46,-42,-43,-41,-31,-35,-35,-50,-53,-56,-51,-44,-40,-41,-48,-47,-50,-47,-41,-41,-41,-42,-43,-46,-69,-53,-45,-38,-53,-43,-47,-43,-37,-38,-38,-39,-40,-41,-39,-31,-32,-31,-32,-31,-38,-31,-27,-25,-28,-28,-30,-31,-25,-31,-27,-25,-26,-29,-31,-25,-20,-20,-19,-19,-22,-30,-31,-21,-19,-19,-18,-22,-27,-19,-14,-15,-13,-15,-19,-26,-14,-13,-15,-11,-12,-16,-22,-13,-10,-10,-10,-11,-16,-18,-14,-10,-9,-9,-10,-17,-18,-12,-7,-4,-3,0,-8,-36,-17,-6,-8,-7,-7,-13,-18,-11,-8,-8,-7,-8,-13,-19,-11,-6,-7,-7,-7,-13,-18,-11,-7,-9,-7,-7,-10,-16,-9,-5,-6,-7,-7,-12,-17,-10,-8,-8,-8,-8,-13,-17,-10,-9,-10,-10,-10,-13,-18,-12,-12,-13,-13,-12,-15,-17,-11,-11,-9,-10,-8,-11,-16,-9,-8,-24,-20,-15,-14,-15,-12,-12,-12,-12,-12,-13,-16,-13,-11,-13,-13,-12,-14,-16,-14,-12,-13,-11,-10,-13,-14,-11,-12,-13,-14,-13,-14,-17,-15,-13,-15,-14,-13,-15,-18,-19,-16,-16,-15,-17,-19,-18,-41,-34,-20,-17,-15,-15,-19,-19,-16,-16,-21,-19,-20,-22,-22,-26,-23,-18,-21,-22,-28,-24,-21,-22,-21,-21,-24,-28,-27,-18,-26,-9,-71,-34,-34,-32,-24,-26,-27,-24,-26,-27,-25,-23,-24,-23,-25,-35,-34,-32,-25,-26,-22,-22,-26,-26,-22,-10,-9,-6,-17,-86,-35,-31,-25,-26,-16,-10,-46,-32,-30,-19,-23,-25,-26,-26,-35,-32,-25,-25,-26,-27,-27,-28,-26,-22,-29,-27,-27,-27,-28,-30,-29,-41,-29,-25,-23,-24,-20,-23,-21,-22,-25,-25,-24,-28,-26,-26,-25,-23,-29,-34,-34,-24,-25,-28,-28,-23,-23,-21,-20,-18,-22,-31,-20,-21,-17,-17,-17,-15,-22,-17,-17,-12,-17,-15,-13,-12,-19,-47,-76,-39,-18,-6,-7,-11,-11,-13,-19,-14,-15,-11,-16,-14,-9,-10,-17,-8,-6,-9,-11,-29,-10,-14,-8,-9,-12,-12,-8,-12,-14,-13,-19,-21,-17,-9,-18,-15,-16,-12,-13,-13,-6,-10,-15,-12,-8,-10,-12,-11,-15,-9,-8,-7,-10,-10,-5,-15,-15,-7,-6,-9,-12,-7,-9,-8,-4,-3,-9,-13,-3,-3,-2,-2,2,-4,-12,-9,-6,-3,-2,0,-6,-10,-2,-1,0,-1,0,-5,-10,-2,0,-1,-1
9,Connecticut,"3,605,944",3,4,5,11,-1,2,2,1,10,9,4,1,5,3,4,9,10,7,6,6,7,2,10,8,9,4,5,5,-4,-7,-13,-7,-27,-27,-33,-32,-38,-43,-47,-43,-46,-41,-42,-48,-56,-43,-42,-40,-44,-46,-47,-50,-39,-41,-46,-48,-45,-44,-65,-57,-39,-36,-40,-42,-51,-41,-39,-46,-40,-41,-45,-37,-50,-40,-33,-37,-42,-37,-32,-30,-30,-27,-35,-31,-37,-35,-29,-35,-30,-29,-29,-31,-29,-29,-26,-25,-21,-22,-23,-32,-20,-29,-23,-20,-24,-26,-21,-18,-14,-17,-15,-14,-20,-17,-13,-10,-11,-11,-20,-14,-14,-12,-8,-8,-7,-8,-12,-11,-10,-7,-7,-8,-8,-13,-18,-13,-9,-8,-6,3,-8,-31,-15,-4,-8,-10,-7,-18,-13,-9,-6,-6,-6,-6,-13,-13,-11,-7,-6,-8,-8,-11,-11,-9,-6,-7,-6,-7,-10,-10,-12,-1,-19,4,1,-7,-8,-5,-1,-5,-7,-9,-11,-12,-17,-7,-7,-9,-6,-10,-11,-9,-7,-7,-5,-15,-8,-13,-5,-5,-4,-11,-4,-7,-8,-5,-5,-10,-10,-14,-12,-7,-9,-8,-9,-10,-9,-10,-6,-6,-8,-9,-9,-11,-11,-8,-9,-9,-12,-11,-8,-13,-6,-7,-11,-12,-14,-11,-13,-9,-8,-12,-21,-10,-11,-20,-7,-9,-13,-14,-13,-12,-15,-11,-10,-14,-12,-16,-20,-22,-13,-19,-14,-5,-17,-16,-17,-12,-11,-14,-14,-15,-20,-21,-15,-19,-16,-18,-18,-17,-18,-15,-17,-15,-8,4,-74,-24,-21,-18,-28,-14,-16,-15,-19,-34,-15,-16,-18,-18,-17,-18,-19,-13,-17,-6,-11,-64,-23,-15,-19,-3,0,10,-5,-86,-28,-24,-11,-12,-8,-4,-48,-23,-30,-20,-20,-22,-24,-26,-21,-22,-23,-22,-24,-25,-27,-26,-22,-18,-26,-28,-27,-26,-24,-27,-25,-33,-30,-25,-31,-23,-17,-74,-39,-23,-22,-26,-16,-56,-23,-40,-20,-23,-22,-16,-19,-22,-28,-17,-42,-39,-18,-18,-26,-20,-16,-18,-19,-20,-17,-19,-20,-13,-18,-20,-14,-14,-17,-15,-14,-14,-14,-9,-12,-15,-15,-8,-18,-14,-5,-2,-8,-8,-10,-9,-12,-3,-17,-8,-6,-8,-5,-9,-4,-36,-6,-7,-4,-6,-10,-5,-9,-10,-7,-5,-17,-17,-8,-3,-6,-3,-11,-8,-9,-3,-10,-6,-6,-4,-10,-8,-1,2,-4,-5,-6,-3,-6,1,6,-5,-3,-1,-1,-4,1,2,1,1,3,1,-4,0,6,1,1,2,4,-4,-9,-7,-1,0,2,0,-3,1,5,5,0,5,5,0,-1,6,-1,5,9
10,Delaware,"989,948",1,7,6,12,4,2,3,1,8,6,2,1,7,6,7,12,12,10,11,10,9,1,12,10,10,8,7,9,6,-1,-7,0,-17,-23,-26,-25,-34,-38,-31,-42,-47,-38,-40,-51,-47,-37,-39,-36,-37,-40,-47,-47,-37,-39,-38,-39,-42,-41,-65,-50,-36,-34,-36,-40,-45,-42,-37,-38,-35,-38,-42,-37,-48,-36,-31,-32,-38,-33,-32,-37,-26,-25,-34,-27,-33,-31,-27,-31,-27,-26,-26,-27,-29,-32,-25,-22,-25,-21,-30,-28,-27,-29,-23,-22,-23,-26,-25,-23,-11,-12,-13,-10,-16,-12,-9,-6,-4,-7,-9,-8,-5,-2,0,1,-3,-1,-5,-5,-4,-2,0,0,0,-5,-7,-4,2,4,4,11,3,-23,-10,-1,2,-2,0,-18,-6,-6,-1,1,0,1,-5,-6,-6,-2,0,-6,0,-7,-6,-5,0,0,0,0,-5,-4,-4,3,-16,3,-1,-7,-3,-3,1,0,-6,-3,-4,-4,-7,0,0,-2,1,-5,-4,-5,-2,-3,-1,-1,-9,-7,-2,-2,0,-3,0,-2,-2,2,2,-4,-6,-8,-9,-3,-7,-4,1,-5,-7,-6,-1,-4,-5,-6,-7,-6,-8,-5,-7,-6,-10,-5,-5,-8,-3,-6,-8,-7,-8,-7,-9,-7,-12,-14,-11,-8,-7,-17,-5,-10,-11,-10,-10,-9,-11,-8,-15,-13,-10,-10,-19,-11,-10,-19,-11,1,-14,-10,-11,-5,-7,-11,-9,-9,-15,-14,-8,-14,-12,-13,-12,-12,-14,-10,-14,-8,-3,10,-70,-18,-16,-16,-22,-10,-13,-11,-15,-14,-15,-14,-14,-13,-12,-15,-10,-13,-18,-5,-29,-22,-15,-9,-13,0,4,14,0,-87,-27,-24,-8,-7,-2,5,-44,-16,-28,-15,-15,-17,-18,-22,-16,-20,-19,-18,-19,-20,-22,-17,-20,-13,-20,-23,-22,-22,-20,-24,-23,-26,-20,-22,-23,-13,-38,-48,-35,-20,-17,-20,-11,-46,-22,-20,-15,-30,-19,-22,-17,-13,-19,-11,-53,-33,-14,-18,-26,-14,-9,-12,-13,-10,-22,-13,-12,-7,-12,-14,-8,-10,-12,-9,-6,-5,-8,0,-3,-7,-10,1,-10,-6,3,3,-2,-3,-13,-3,-3,2,-7,0,2,-3,6,2,3,-32,5,2,2,1,-7,-1,-2,-5,-2,-3,-2,-4,1,3,-2,2,-4,-3,-3,1,1,1,2,3,0,-2,4,5,2,4,3,3,-1,7,8,2,2,4,3,2,4,7,7,5,6,5,4,4,7,4,5,7,10,7,1,8,10,7,8,4,6,5,9,11,6,8,10,2,7,8,14,13,13
11,District of Columbia,"689,545",1,-2,6,-10,-5,-2,1,-3,0,3,-2,3,3,5,3,-6,2,0,8,14,8,2,1,11,6,5,0,-4,-12,-28,-35,-31,-40,-45,-46,-50,-60,-60,-59,-55,-61,-58,-59,-68,-64,-57,-61,-58,-61,-60,-67,-66,-60,-63,-62,-64,-65,-69,-72,-67,-62,-61,-64,-64,-70,-67,-62,-63,-61,-65,-65,-68,-69,-62,-62,-58,-66,-59,-62,-64,-57,-56,-62,-57,-63,-64,-60,-62,-59,-57,-59,-58,-62,-63,-59,-57,-58,-58,-61,-60,-60,-62,-57,-57,-58,-56,-56,-54,-54,-54,-51,-54,-56,-53,-51,-51,-51,-53,-54,-52,-55,-52,-51,-50,-55,-51,-50,-58,-52,-53,-48,-47,-50,-49,-54,-52,-48,-46,-43,-42,-49,-57,-54,-51,-48,-46,-48,-49,-52,-51,-48,-46,-46,-47,-47,-52,-51,-51,-47,-51,-47,-49,-50,-49,-49,-47,-46,-48,-49,-50,-48,-49,-51,-43,-48,-47,-50,-48,-48,-46,-49,-51,-48,-52,-51,-49,-46,-48,-47,-47,-51,-48,-49,-48,-45,-44,-43,-49,-43,-52,-44,-47,-49,-45,-46,-44,-52,-48,-52,-53,-46,-47,-47,-48,-45,-46,-49,-45,-45,-46,-48,-46,-46,-47,-46,-46,-46,-49,-49,-46,-46,-44,-44,-45,-48,-46,-46,-47,-45,-47,-52,-56,-48,-47,-46,-49,-45,-47,-50,-47,-47,-47,-45,-46,-52,-50,-47,-47,-56,-46,-47,-53,-49,-45,-51,-50,-47,-43,-45,-49,-46,-57,-54,-47,-45,-50,-52,-51,-51,-51,-48,-48,-49,-50,-45,-42,-77,-60,-56,-54,-58,-49,-52,-50,-52,-52,-52,-54,-52,-53,-53,-50,-48,-49,-59,-49,-63,-55,-52,-52,-52,-49,-46,-43,-55,-85,-67,-62,-54,-53,-51,-47,-74,-57,-63,-54,-52,-57,-57,-57,-58,-57,-57,-53,-55,-56,-58,-59,-59,-61,-58,-67,-57,-55,-57,-58,-59,-58,-55,-57,-55,-53,-71,-67,-62,-54,-54,-52,-52,-63,-57,-53,-54,-60,-54,-64,-53,-58,-55,-53,-74,-60,-57,-55,-61,-51,-48,-52,-52,-53,-60,-54,-50,-48,-52,-51,-52,-51,-52,-48,-47,-46,-47,-48,-47,-51,-51,-48,-54,-48,-46,-44,-49,-47,-55,-48,-43,-43,-52,-47,-41,-50,-45,-43,-39,-41,-43,-41,-41,-43,-47,-43,-42,-49,-46,-50,-45,-47,-44,-42,-47,-40,-47,-48,-45,-47,-45,-46,-41,-42,-45,-44,-41,-39,-47,-43,-42,-42,-45,-43,-42,-46,-42,-42,-41,-41,-41,-42,-43,-40,-40,-40,-37,-39,-34,-47,-39,-42,-37,-41,-42,-33,-40,-39,-39,-40,-36,-37,-35,-41,-38,-38,-40,-40,-29,-30,-37,-33,-32
12,Florida,"21,538,187",1,2,4,5,3,3,2,0,3,5,3,3,5,8,5,6,8,7,8,6,5,3,4,4,5,5,6,5,1,-6,-9,-6,-11,-19,-23,-29,-39,-43,-37,-38,-38,-40,-44,-49,-50,-42,-42,-37,-39,-47,-53,-57,-47,-46,-46,-46,-47,-49,-66,-47,-46,-42,-44,-44,-49,-48,-44,-41,-41,-43,-47,-45,-47,-38,-38,-38,-40,-36,-40,-40,-32,-31,-33,-33,-33,-33,-35,-31,-30,-29,-31,-33,-32,-33,-31,-26,-25,-26,-26,-28,-30,-34,-27,-24,-24,-24,-26,-26,-21,-22,-22,-24,-23,-28,-27,-22,-20,-20,-20,-20,-23,-22,-19,-18,-19,-20,-21,-21,-21,-21,-20,-20,-21,-24,-26,-26,-21,-20,-19,-16,-19,-38,-31,-22,-22,-22,-22,-25,-28,-26,-22,-23,-23,-22,-25,-28,-26,-23,-23,-24,-25,-24,-26,-26,-24,-24,-22,-22,-22,-28,-34,-23,-23,-23,-23,-24,-25,-25,-23,-24,-22,-23,-24,-25,-25,-25,-23,-24,-24,-24,-25,-25,-26,-25,-24,-25,-24,-26,-27,-26,-22,-23,-22,-22,-23,-21,-24,-25,-24,-24,-24,-27,-27,-24,-24,-26,-24,-23,-23,-25,-24,-22,-22,-24,-23,-23,-24,-25,-24,-21,-22,-22,-22,-23,-22,-22,-22,-22,-22,-22,-22,-22,-22,-21,-22,-23,-20,-21,-23,-22,-23,-21,-20,-21,-21,-21,-21,-20,-19,-18,-20,-20,-21,-17,-22,-23,-21,-22,-27,-28,-22,-22,-24,-21,-20,-20,-21,-20,-19,-20,-21,-21,-19,-15,-11,-4,-68,-25,-25,-22,-20,-17,-19,-18,-20,-18,-18,-20,-19,-18,-19,-20,-19,-17,-18,-16,-18,-16,-18,-17,-16,-8,-5,1,-13,-76,-28,-22,-13,-12,-7,-6,-37,-22,-21,-16,-17,-20,-21,-21,-21,-20,-20,-21,-22,-23,-23,-22,-22,-19,-22,-24,-23,-23,-23,-23,-23,-22,-22,-22,-22,-20,-19,-22,-21,-20,-21,-20,-21,-23,-22,-20,-18,-18,-18,-16,-11,-16,-19,-18,-18,-20,-15,-15,-18,-17,-15,-16,-16,-14,-12,-15,-16,-13,-14,-15,-17,-10,-14,-13,-12,-13,-13,-10,-8,-9,-7,-2,-7,-8,-9,-7,-9,-8,-8,-9,-11,-10,-7,-9,-8,-6,-6,-7,-8,-26,-6,-6,-4,-6,-9,-10,-18,-8,-9,-9,-10,-12,-12,-10,-13,-13,-10,-10,-11,-11,-9,-11,-11,-10,-10,-11,-10,-9,-9,-9,-8,-11,-10,-7,-5,-12,-12,-11,-12,-11,-10,-9,-10,-10,-9,-9,-11,-11,-9,-10,-9,-8,-8,-9,-10,-6,-12,-9,-8,-8,-11,-11,-8,-8,-7,-7,-8,-11,-12,-11,-11,-11,-10
13,Georgia,"10,711,908",1,5,-2,4,-4,2,-6,2,5,2,-5,5,9,10,9,13,13,4,10,3,1,7,10,8,7,5,6,8,3,-4,-12,-8,-14,-18,-21,-24,-31,-39,-35,-35,-33,-34,-35,-39,-42,-34,-37,-30,-29,-37,-50,-50,-40,-40,-39,-37,-37,-40,-63,-38,-34,-27,-30,-33,-36,-50,-31,-30,-30,-40,-31,-32,-34,-25,-24,-27,-23,-21,-23,-26,-18,-16,-18,-18,-23,-17,-20,-19,-17,-16,-17,-19,-20,-21,-18,-13,-15,-13,-16,-18,-19,-23,-17,-17,-14,-16,-17,-17,-10,-10,-8,-11,-15,-15,-16,-12,-11,-11,-9,-13,-13,-15,-11,-9,-7,-8,-11,-11,-14,-13,-10,-10,-10,-13,-15,-14,-10,-8,-3,-1,-6,-32,-20,-12,-12,-9,-10,-13,-14,-16,-10,-9,-8,-10,-13,-15,-15,-12,-11,-9,-10,-14,-16,-14,-11,-11,-9,-11,-11,-12,-13,-10,-7,-9,-11,-13,-14,-14,-13,-9,-11,-12,-14,-14,-14,-14,-14,-14,-16,-16,-15,-17,-18,-19,-14,-15,-15,-15,-17,-15,-11,-11,-10,-11,-13,-12,-17,-14,-14,-15,-14,-14,-16,-14,-11,-16,-17,-13,-12,-13,-12,-10,-11,-17,-14,-13,-15,-15,-16,-9,-9,-10,-10,-12,-13,-12,-12,-13,-14,-18,-17,-13,-12,-11,-11,-12,-12,-13,-14,-13,-12,-13,-12,-15,-14,-15,-13,-12,-10,-7,-11,-12,-13,-7,-14,-14,-14,-14,-14,-15,-15,-12,-14,-13,-12,-14,-15,-14,-12,-14,-14,-12,-12,-7,-3,4,-68,-23,-20,-21,-15,-12,-12,-12,-17,-11,-14,-15,-14,-13,-14,-14,-13,-13,-13,-10,-13,-11,-12,-11,-11,-2,2,11,-12,-82,-27,-21,-11,-9,-3,0,-45,-19,-18,-12,-9,-15,-20,-22,-18,-18,-21,-18,-18,-20,-21,-21,-21,-18,-21,-22,-24,-22,-18,-22,-23,-21,-22,-21,-19,-18,-24,-22,-19,-16,-19,-19,-20,-21,-21,-19,-15,-19,-17,-16,-14,-22,-21,-16,-22,-18,-15,-15,-19,-14,-11,-13,-16,-10,-10,-15,-16,-7,-10,-11,-9,-7,-12,-10,-8,-9,-9,-4,-2,-7,-9,-2,-5,-5,0,-2,-4,-5,-3,-10,-7,-4,-8,-5,-4,-8,0,-2,-3,-23,-2,0,2,-3,-7,-9,-1,-4,-3,-3,-4,-7,-4,-1,-5,-3,-3,-6,-7,-15,-1,-5,-4,-2,-4,-4,-2,-3,-12,-9,1,-2,-4,0,1,-6,-5,-11,-5,-6,-4,-3,-4,-3,-1,-2,-4,-4,-2,-4,-1,2,1,-2,-4,-1,-10,-1,-2,-2,-5,-6,-4,-6,-4,-3,-4,-7,-6,-4,-4,-1,-1
15,Hawaii,"1,455,271",2,2,4,5,0,-1,2,1,3,2,1,1,2,3,2,1,2,0,1,-1,1,-1,0,0,-2,-2,-2,-2,-4,-6,-8,-10,-18,-20,-23,-31,-40,-42,-38,-45,-50,-51,-52,-56,-56,-49,-48,-48,-50,-49,-55,-55,-51,-50,-52,-50,-52,-55,-67,-55,-54,-51,-51,-52,-55,-56,-51,-52,-51,-52,-51,-51,-53,-49,-48,-49,-48,-47,-50,-50,-46,-43,-47,-47,-46,-46,-44,-48,-46,-45,-46,-44,-46,-46,-44,-42,-41,-42,-40,-43,-41,-42,-40,-40,-39,-39,-42,-42,-38,-37,-37,-37,-35,-38,-39,-36,-35,-35,-34,-36,-37,-37,-35,-35,-34,-35,-34,-33,-34,-36,-34,-34,-34,-34,-35,-36,-33,-31,-30,-27,-30,-47,-37,-31,-32,-33,-33,-34,-37,-36,-34,-33,-33,-33,-33,-34,-33,-33,-31,-31,-29,-30,-35,-62,-37,-34,-34,-34,-33,-35,-37,-34,-34,-34,-35,-36,-37,-41,-38,-36,-37,-38,-37,-39,-38,-38,-38,-40,-39,-39,-41,-42,-42,-38,-36,-47,-46,-48,-49,-45,-43,-45,-44,-44,-46,-48,-49,-45,-47,-47,-45,-47,-49,-46,-45,-46,-47,-45,-47,-47,-47,-45,-46,-42,-40,-40,-43,-42,-41,-40,-40,-40,-39,-42,-39,-38,-40,-40,-39,-41,-43,-41,-41,-42,-41,-39,-38,-40,-40,-37,-38,-37,-37,-35,-36,-38,-37,-36,-35,-33,-34,-38,-36,-33,-38,-36,-34,-34,-35,-36,-32,-29,-35,-34,-34,-34,-35,-34,-36,-35,-33,-32,-34,-31,-29,-25,-63,-36,-35,-34,-32,-30,-33,-32,-31,-30,-32,-32,-32,-33,-33,-31,-30,-31,-30,-27,-31,-31,-30,-30,-29,-23,-20,-19,-25,-69,-40,-34,-27,-25,-23,-26,-53,-34,-34,-30,-31,-34,-35,-35,-35,-36,-36,-35,-37,-37,-36,-35,-37,-38,-37,-38,-38,-37,-37,-38,-42,-36,-37,-37,-36,-34,-34,-36,-35,-39,-35,-33,-33,-41,-36,-34,-34,-33,-30,-30,-25,-29,-32,-34,-34,-33,-29,-32,-32,-31,-32,-31,-29,-30,-29,-31,-30,-28,-30,-29,-27,-27,-32,-31,-30,-30,-30,-27,-24,-26,-23,-21,-24,-23,-25,-25,-25,-24,-26,-24,-23,-25,-25,-25,-23,-23,-22,-22,-23,-34,-23,-23,-23,-23,-23,-23,-22,-23,-22,-22,-23,-23,-22,-22,-23,-22,-23,-23,-23,-22,-21,-24,-23,-24,-23,-23,-22,-22,-22,-21,-20,-22,-21,-19,-16,-22,-20,-20,-20,-19,-18,-18,-18,-18,-17,-17,-18,-19,-18,-18,-17,-16,-15,-15,-18,-14,-16,-14,-16,-16,-17,-19,-16,-16,-15,-16,-15,-18,-20,-18,-16,-15,-16
16,Idaho,"1,839,106",2,3,11,10,1,2,5,4,6,12,5,6,9,10,10,10,21,9,11,9,10,7,8,17,6,9,8,9,6,-6,2,2,-7,-12,-15,-21,-29,-22,-24,-26,-27,-40,-43,-47,-42,-38,-38,-35,-38,-39,-46,-40,-34,-33,-32,-32,-35,-40,-51,-33,-32,-25,-26,-30,-33,-21,-21,-23,-25,-29,-30,-31,-18,-21,-19,-20,-22,-18,-23,-11,-10,-10,-17,-14,-17,-17,-4,-13,-15,-14,-16,-18,-16,-2,-3,-4,-4,-2,-7,-13,6,-2,-2,1,1,-6,-10,7,7,5,6,4,-2,-7,3,4,3,6,5,-1,-7,11,7,6,6,8,3,-3,14,8,7,8,8,0,-5,8,7,10,15,17,5,-29,4,11,7,7,6,-1,-7,9,7,6,6,4,-3,-9,8,7,4,4,4,-3,-8,8,5,2,4,3,-2,-7,10,8,6,7,4,-2,-7,10,7,4,5,4,-2,-7,9,5,3,4,4,-1,-5,10,3,1,2,1,-3,-5,11,3,5,4,7,1,-5,15,4,3,2,1,-2,-4,7,2,1,1,0,-3,-1,11,2,-2,-2,-2,-4,-4,8,0,-3,0,3,-1,-4,8,2,-1,-2,-2,-3,-8,4,-3,-6,-2,-2,-4,-5,5,-3,-4,-3,-3,-7,-10,1,-4,-6,-4,-3,-4,-7,1,-4,0,-8,-6,-9,-9,-4,-6,-9,-4,-9,-15,-11,-6,-7,-9,-8,-9,-9,-10,-1,-1,1,10,-76,-13,-18,-6,-7,-6,-7,-7,-8,-8,-2,-6,-8,-7,-8,-10,-8,-5,-6,-6,-2,-4,-5,-5,6,13,10,22,-3,-86,-24,-10,1,-2,-2,6,-32,-15,-7,-3,-5,-7,-10,-12,-11,0,-8,-12,-10,-11,-13,-13,-5,-6,-13,-12,-13,-14,-12,-8,-13,-13,-15,-14,-14,-10,-1,-8,-11,-9,-10,-10,-10,-11,-11,-11,-8,-10,-15,-21,3,-14,-15,-11,-10,-12,-10,-2,-8,-7,-5,-8,-10,-6,4,-1,-4,0,-1,-3,-4,9,-4,-4,-1,-1,-2,3,15,3,5,13,8,3,3,19,4,5,3,3,-2,-1,15,3,4,8,10,6,4,-12,8,6,10,7,4,3,19,6,4,5,5,2,4,19,5,7,6,5,3,2,13,4,5,7,8,5,4,19,11,9,11,9,5,9,28,8,6,9,9,5,5,22,11,8,8,10,4,3,16,10,10,14,16,9,2,23,11,14,14,16,8,5,22,17,13,14,15,7,2,21,17,14,16
17,Illinois,"12,812,508",4,4,8,2,1,1,0,2,11,11,1,-1,0,6,6,14,17,8,10,9,7,6,14,15,-1,7,6,7,5,-7,-8,-10,-23,-34,-34,-33,-46,-63,-50,-47,-43,-47,-48,-53,-53,-43,-44,-41,-42,-43,-51,-50,-44,-41,-44,-44,-44,-46,-64,-46,-45,-41,-40,-47,-42,-43,-37,-38,-40,-41,-42,-48,-39,-37,-36,-41,-35,-34,-35,-35,-33,-34,-32,-32,-36,-32,-38,-36,-32,-31,-37,-34,-35,-46,-31,-33,-28,-29,-30,-34,-30,-33,-27,-27,-28,-25,-26,-30,-27,-24,-21,-20,-22,-23,-21,-17,-22,-18,-15,-19,-20,-18,-15,-13,-13,-13,-17,-20,-20,-21,-13,-12,-13,-20,-16,-15,-14,-8,-4,0,-7,-37,-21,-10,-10,-9,-11,-13,-16,-12,-9,-8,-13,-8,-13,-17,-18,-11,-12,-8,-9,-13,-15,-15,-12,-9,-10,-10,-12,-15,-13,-9,-7,-9,-9,-12,-14,-13,-16,-3,-5,-8,-12,-15,-10,-10,-9,-8,-9,-12,-14,-13,-13,-12,-12,-13,-15,-13,-11,-13,-13,-9,-9,-10,-13,-15,-15,-19,-15,-16,-16,-16,-12,-14,-10,-10,-12,-13,-10,-11,-13,-12,-12,-13,-13,-12,-13,-16,-13,-13,-13,-14,-13,-13,-15,-14,-13,-14,-14,-14,-12,-17,-15,-14,-16,-16,-14,-20,-20,-18,-16,-15,-21,-16,-19,-21,-20,-17,-19,-17,-19,-23,-21,-11,-21,-22,-20,-18,-20,-20,-24,-19,-23,-24,-25,-30,-25,-25,-23,-23,-26,-26,-27,-21,-20,-8,-70,-30,-28,-28,-26,-23,-22,-23,-25,-22,-26,-25,-25,-21,-22,-27,-25,-24,-23,-21,-21,-21,-22,-20,-19,-11,-6,1,-20,-83,-34,-32,-20,-24,-21,-12,-61,-33,-34,-25,-24,-26,-29,-30,-26,-30,-30,-27,-28,-31,-33,-31,-34,-27,-31,-31,-28,-30,-26,-31,-32,-41,-31,-29,-26,-29,-49,-29,-26,-22,-34,-31,-31,-40,-36,-30,-29,-28,-26,-30,-29,-43,-42,-29,-28,-26,-21,-27,-26,-21,-20,-21,-20,-14,-19,-20,-19,-15,-18,-19,-13,-13,-17,-15,-16,-17,-17,-9,-13,-26,-15,-10,-15,-12,-6,-4,-10,-14,-10,-13,-14,-9,-9,-9,-9,-7,-6,-7,-7,-30,-9,-6,-7,-14,-12,-12,-8,-10,-10,-10,-11,-12,-8,-6,-14,-16,-11,-10,-12,-9,-6,-8,-6,-11,-9,-8,-4,-2,-9,-8,-3,-9,-8,-3,-4,-9,-7,-4,-4,-7,-7,-1,-7,-8,-4,-2,-6,-4,-1,-3,-3,1,-5,-9,-4,0,-9,-1,0,1,-3,-4,1,-3,0,1,1,-5,-6,2,0,1,3
18,Indiana,"6,785,528",4,9,8,5,1,4,3,4,13,9,1,2,1,7,8,18,18,9,14,14,12,5,18,15,7,6,8,7,5,-7,-7,-5,-21,-27,-28,-30,-39,-46,-30,-34,-45,-43,-45,-49,-48,-38,-41,-37,-36,-36,-45,-45,-36,-35,-35,-37,-39,-40,-62,-39,-37,-30,-31,-41,-35,-36,-25,-27,-28,-34,-32,-36,-33,-21,-22,-27,-27,-23,-24,-25,-15,-21,-17,-19,-25,-20,-25,-17,-14,-12,-17,-18,-14,-21,-10,-11,-9,-8,-10,-13,-7,-10,-5,-4,-6,-9,-8,-6,-1,1,0,-3,-6,-6,-3,1,-5,-1,1,-4,-4,0,3,2,3,2,-2,-2,-3,0,2,4,3,-4,-7,-3,2,4,10,14,5,-25,-9,4,2,3,2,-3,-5,-2,4,2,2,0,-4,-6,-8,0,-2,0,0,-5,-6,-5,-3,0,0,-4,-3,-6,-3,2,3,3,0,-3,-3,-2,-2,2,0,-2,-5,-4,-3,-3,-4,-1,-2,-5,-4,-5,-5,-6,-4,-5,-7,-4,-4,-4,-3,-2,1,-1,-3,-4,-7,-6,-4,-5,-7,-5,-5,-4,-3,-3,-3,-4,-1,-3,-2,-3,-3,-3,-5,-2,-4,-7,-5,-4,-2,-4,-2,-7,-4,-5,-4,-5,-6,-5,-6,-10,-6,-4,-8,-7,-6,-11,-10,-10,-7,-5,-11,-6,-11,-10,-11,-7,-9,-5,-7,-12,-9,-1,-10,-10,-9,-6,-8,-9,-10,-7,-11,-12,-12,-18,-12,-13,-12,-12,-13,-12,-18,-8,-6,6,-73,-18,-17,-17,-16,-12,-10,-10,-12,-9,-15,-12,-13,-10,-11,-11,-9,-13,-11,-9,-14,-10,-10,-8,-7,2,5,15,-10,-86,-23,-21,-8,-8,-6,4,-47,-16,-21,-8,-12,-13,-16,-18,-12,-16,-16,-15,-15,-17,-19,-18,-21,-15,-19,-20,-18,-19,-13,-25,-25,-24,-21,-20,-15,-16,-36,-20,-17,-11,-21,-20,-14,-29,-22,-22,-24,-21,-16,-12,-12,-43,-48,-23,-26,-18,-12,-18,-16,-12,-9,-11,-12,-3,-10,-9,-9,-2,-7,-9,-2,-4,-6,-6,-5,-10,-7,3,-2,-11,-3,9,-4,0,6,7,3,-1,4,-5,-6,3,-3,1,1,3,3,3,3,-26,5,4,5,0,-1,0,-1,2,2,3,-1,-2,2,3,0,-7,-5,-2,-4,-1,3,2,2,-1,-1,0,4,4,2,-1,5,-2,-1,7,-2,1,0,3,2,-1,2,4,-1,0,3,3,-1,1,4,3,3,5,6,-1,0,2,-4,4,1,6,2,1,4,4,3,5,4,-1,-1,4,6,5,7
19,Iowa,"3,190,369",4,8,10,-2,-3,-3,-1,9,10,14,1,-2,7,5,11,14,20,6,8,9,3,13,13,18,-1,5,8,5,10,-7,0,-3,-21,-32,-37,-35,-44,-46,-39,-41,-39,-40,-40,-48,-43,-34,-37,-34,-39,-41,-45,-39,-39,-38,-39,-42,-36,-44,-67,-40,-41,-32,-37,-36,-38,-31,-31,-32,-31,-32,-32,-35,-26,-25,-29,-29,-25,-21,-28,-18,-23,-27,-24,-26,-21,-25,-21,-24,-25,-24,-25,-16,-22,-19,-15,-17,-14,-13,-11,-19,-8,-15,-15,-11,-12,-7,-15,-6,-8,-9,-6,-8,-6,-13,-2,-5,-14,-5,-5,-2,-9,1,-2,-4,-2,-5,-1,-7,0,-8,-5,-2,-3,-3,-10,-1,-2,-4,2,7,4,-33,-10,-3,-7,-5,-7,-3,-12,0,-4,-9,-5,-5,-4,-15,-2,-7,-9,-5,-6,-4,-13,-6,-5,-7,-6,-6,-3,-11,-2,-2,-6,-5,-5,5,-5,3,-3,4,7,4,4,-4,8,5,2,4,2,4,-5,6,1,-3,0,-3,0,-4,6,0,-1,1,2,5,-6,5,-3,-9,-5,-7,-4,-6,4,0,-1,0,-2,3,-3,4,-1,-5,-3,-4,0,-5,-2,-4,-6,-3,-2,2,-5,4,-3,-5,-3,-4,0,-5,3,-3,-7,-4,-5,0,-6,-3,-10,-10,-5,-8,-2,-9,-9,-9,-9,-5,-6,1,-9,-3,-6,1,-8,-9,-4,-9,-3,-9,-18,-7,-14,-8,-15,-12,-12,-16,-12,-13,-11,-17,-10,-10,-12,6,-74,-11,-19,-14,-9,-11,-9,-10,-7,-12,-9,-10,-13,-8,-9,-10,-23,-8,-8,-9,-6,-8,-2,-10,-1,4,6,6,-13,-80,-21,-20,5,-37,-16,6,-40,-20,-14,-5,-10,-13,-14,-10,-13,-10,-12,-14,-11,-22,-32,-17,-15,-8,-19,-15,-15,-11,-17,-16,-32,-39,-16,-17,-8,-26,-25,-14,-16,-6,-46,-17,-28,-29,-22,-18,-14,-20,-16,-21,-17,-22,-22,-15,-14,-8,-8,-28,-12,-11,-7,-8,-3,-2,-2,-6,-7,0,-5,0,-1,5,-3,-4,-3,-3,1,1,-1,-16,-3,7,4,8,4,13,0,-6,2,-1,5,3,13,4,0,6,10,15,3,-17,11,4,6,3,7,1,14,5,2,5,2,6,6,17,0,-1,4,4,7,5,13,7,3,8,7,13,9,21,8,7,11,8,14,8,26,7,6,11,9,12,7,17,7,2,9,8,13,5,20,11,8,16,10,16,7,23,10,12,17,16,16,6,22,16,12,17,15,15,7,22,16,13,18
20,Kansas,"2,937,880",4,4,15,7,3,4,-2,9,5,13,0,2,12,8,17,11,24,8,14,13,9,15,10,19,2,9,15,10,8,-11,-6,-7,-13,-16,-23,-24,-38,-35,-28,-36,-34,-40,-37,-45,-36,-41,-35,-33,-41,-42,-50,-43,-40,-35,-33,-38,-33,-41,-61,-40,-37,-26,-36,-34,-39,-30,-30,-27,-33,-31,-34,-35,-25,-25,-26,-24,-24,-20,-30,-19,-26,-14,-18,-27,-17,-26,-12,-27,-22,-21,-20,-17,-25,-12,-12,-8,-6,-12,-8,-20,-7,-19,-12,-8,-14,-5,-17,-3,-5,-5,-2,-8,-3,-16,-2,-6,-5,0,-6,-2,-14,0,-4,-2,0,-5,-2,-11,-1,-6,-1,0,-5,-3,-15,-2,-4,0,4,4,2,-37,-14,-7,-5,-4,-9,-6,-18,-5,-8,-6,-3,-8,-5,-18,-6,-10,-6,-4,-9,-6,-17,-5,-10,-7,-8,-12,-2,-14,-2,-4,-1,-3,-8,-4,-15,-4,-7,-4,-2,-7,-3,-14,-1,-6,-5,-3,-7,-3,-14,-2,-9,-5,-4,-8,-4,-15,-1,-9,-2,-1,-3,0,-15,0,-12,-8,-9,-13,-7,-12,0,-9,-5,-5,-9,-3,-11,-3,-10,-8,-7,-11,-5,-13,-8,-12,-8,-5,-7,-3,-10,0,-12,-8,-7,-11,-4,-12,-5,-11,-9,-6,-10,-4,-13,-7,-16,-11,-8,-9,-6,-14,-10,-26,-19,-11,-9,-1,-13,-7,-13,-4,-12,-13,-7,-14,-9,-16,-14,-8,-17,-11,-18,-9,-17,-14,-12,-15,-11,-21,-10,-16,-8,7,-77,-16,-25,-19,-16,-10,-14,-18,-10,-17,-9,-16,-13,-10,-14,-12,-19,-16,-16,-15,-10,-12,-6,-13,-4,0,6,12,-10,-84,-27,-19,-10,-27,-3,2,-56,-29,-18,-11,-11,-15,-20,-15,-20,-11,-19,-16,-15,-21,-27,-23,-19,-15,-19,-18,-18,-13,-21,-19,-29,-25,-24,-21,-13,-23,-12,-18,-15,-10,-21,-10,-30,-36,-39,-27,-23,-22,-18,-27,-41,-46,-30,-23,-20,-13,-15,-11,-14,-8,-8,-14,-6,-10,0,-11,-7,-3,-9,-4,-8,4,-11,-7,-5,-8,-7,-9,-1,-6,2,1,-2,5,-4,12,-8,-4,1,-5,4,-3,13,-3,0,5,2,9,-3,-19,0,-2,-1,-4,2,-4,13,-5,0,2,-3,-3,-5,9,-5,-9,-1,-6,0,-3,11,-3,0,-1,1,7,0,12,-1,3,5,-1,4,1,15,-4,-1,4,2,6,-2,4,-1,2,3,0,6,-4,12,0,5,9,2,9,-5,9,-10,6,7,6,7,-4,12,3,7,8,4,3,-3,12,3,7,8
21,Kentucky,"4,505,836",1,8,3,3,-3,2,0,2,9,4,-2,5,9,9,10,17,18,8,16,13,12,5,15,13,8,6,9,2,3,-8,-11,-8,-19,-24,-28,-29,-38,-40,-30,-39,-33,-33,-36,-38,-37,-33,-37,-32,-33,-32,-39,-39,-33,-33,-34,-35,-36,-39,-60,-37,-34,-24,-28,-34,-34,-36,-25,-26,-26,-36,-30,-35,-38,-20,-21,-24,-24,-20,-24,-27,-15,-21,-20,-20,-30,-21,-20,-22,-19,-21,-18,-23,-25,-24,-22,-20,-15,-16,-15,-18,-13,-15,-10,-9,-8,-13,-12,-9,-3,-5,-3,-9,-10,-11,-7,-5,-7,-4,-4,-8,-9,-8,-3,-3,-3,-6,-8,-9,-11,-6,-3,-4,-5,-9,-12,-13,-5,-2,3,7,0,-25,-13,-4,-4,-4,-5,-10,-12,-10,-5,-4,-4,-8,-11,-11,-11,-10,-7,-8,-9,-11,-11,-11,-8,-8,-8,-13,-10,-11,-9,-3,-4,-4,-6,-9,-9,-9,-9,-7,-8,-10,-12,-10,-11,-9,-11,-7,-8,-13,-12,-11,-10,-12,-11,-12,-16,-12,-11,-12,-6,-10,-6,-8,-10,-6,-11,-10,-10,-11,-13,-11,-14,-10,-7,-9,-9,-10,-7,-7,-9,-11,-13,-13,-13,-11,-10,-15,-11,-9,-6,-8,-7,-10,-8,-10,-10,-11,-12,-12,-13,-13,-10,-9,-12,-11,-10,-15,-18,-14,-11,-12,-15,-12,-15,-14,-14,-13,-16,-9,-12,-13,-12,-5,-15,-15,-15,-12,-12,-14,-13,-13,-16,-15,-15,-17,-16,-16,-15,-15,-21,-24,-27,-18,-13,-5,-76,-26,-27,-25,-25,-20,-19,-19,-23,-19,-24,-22,-21,-19,-20,-20,-19,-22,-17,-14,-19,-16,-15,-14,-13,-5,0,10,-20,-87,-29,-23,-13,-12,-8,-1,-36,-19,-21,-12,-16,-18,-20,-24,-19,-20,-18,-17,-18,-20,-23,-26,-26,-21,-22,-22,-23,-23,-19,-29,-31,-20,-26,-29,-22,-21,-25,-26,-21,-15,-22,-20,-17,-27,-21,-20,-38,-52,-27,-16,-13,-60,-56,-29,-43,-27,-19,-20,-18,-12,-11,-13,-17,-9,-20,-10,-10,-4,-9,-12,-6,-7,-10,-9,-7,-12,-12,0,-5,-8,0,5,-1,-2,5,7,1,-1,3,-8,-3,1,0,0,1,-1,2,3,4,-22,5,3,5,-1,-3,-2,-1,0,-1,-2,-2,-5,-3,0,-2,-1,-6,-5,-7,-7,-1,-1,-1,-4,-6,-1,-2,0,0,-4,2,-3,-3,4,-2,-2,-1,1,-1,-3,0,-1,-2,-1,1,0,-3,-2,1,0,1,-1,3,-1,-1,4,-3,3,-2,1,-1,0,-1,1,-1,0,-1,-5,-3,0,2,3,4
22,Louisiana,"4,657,757",1,8,5,2,3,4,0,8,9,17,16,16,19,14,11,12,16,12,16,7,12,8,11,15,8,11,14,11,5,-4,-5,-3,-18,-20,-25,-32,-42,-40,-35,-43,-39,-39,-42,-47,-45,-40,-37,-32,-38,-39,-50,-46,-40,-41,-39,-38,-44,-45,-64,-38,-35,-25,-30,-36,-43,-44,-31,-26,-30,-33,-33,-37,-33,-26,-30,-26,-22,-24,-30,-28,-21,-18,-17,-20,-32,-26,-26,-22,-19,-18,-26,-24,-28,-25,-13,-11,-12,-12,-18,-25,-19,-26,-16,-10,-12,-17,-21,-16,-8,-7,-6,-8,-13,-19,-35,-21,-7,-6,-6,-12,-16,-13,-9,-5,-4,-6,-11,-14,-19,-17,-11,-14,-11,-15,-19,-16,-10,-4,0,0,-11,-35,-24,-13,-11,-5,-8,-14,-18,-17,-13,-9,-9,-14,-15,-20,-20,-14,-11,-9,-12,-20,-23,-24,-16,-13,-9,-11,-14,-18,-16,-7,-7,-8,-11,-16,-20,-18,-12,-11,-12,-15,-18,-19,-18,-15,-13,-12,-15,-17,-19,-13,-22,-20,-24,-46,-23,-22,-17,-13,-6,-7,-8,-15,-18,-13,-21,-13,-12,-14,-18,-21,-17,-16,-17,-12,-14,-17,-19,-20,-18,-16,-17,-16,-16,-19,-17,-18,-12,-10,-9,-13,-16,-18,-14,-11,-10,-16,-43,-33,-21,-16,-12,-10,-13,-15,-16,-17,-16,-13,-11,-14,-18,-16,-17,-13,-10,-29,-17,-15,-17,-15,-13,-3,-13,-14,-17,-17,-19,-16,-13,-11,-15,-15,-16,-18,-16,-13,-12,-15,-16,-17,-18,-11,-5,-1,-76,-30,-27,-30,-14,-9,-12,-13,-16,-17,-22,-15,-13,-12,-14,-18,-18,-23,-16,-13,-11,-12,-14,-19,-14,-3,2,9,-13,-84,-30,-23,-14,-11,-6,-9,-44,-24,-22,-10,-11,-14,-20,-21,-21,-27,-27,-18,-17,-19,-22,-23,-25,-21,-21,-19,-23,-25,-23,-24,-20,-17,-16,-19,-19,-20,-18,-16,-16,-12,-15,-21,-22,-23,-20,-14,-14,-21,-21,-20,-24,-71,-54,-43,-35,-30,-23,-18,-12,-10,-9,-12,-14,-13,-11,-14,-14,-3,-8,-13,-10,-8,-11,-7,-6,-8,-10,-3,-2,-3,0,0,5,-3,0,4,-1,-14,-1,-5,-4,-2,-1,1,2,4,10,-4,-4,-26,1,1,2,1,-7,-7,0,-3,-13,-10,-4,-13,-12,-2,-3,1,1,-3,-10,-6,-2,-5,-3,0,-3,-6,-5,-9,0,-4,3,1,-2,1,-3,-10,-8,-1,1,-3,-4,-1,-11,-5,-2,-6,-7,-5,-3,-2,1,3,2,-2,-5,3,-11,1,3,1,-7,-9,-11,-3,1,2,0,-5,-7,-4,-1,1,3
23,Maine,"1,362,359",3,4,14,15,-9,6,8,3,6,14,6,4,12,-10,8,10,19,7,20,8,9,5,9,18,8,5,10,9,-4,-1,0,-7,-24,-25,-35,-38,-41,-38,-37,-43,-40,-40,-44,-46,-50,-46,-38,-33,-56,-53,-54,-50,-42,-43,-41,-51,-47,-43,-73,-45,-36,-33,-37,-40,-46,-31,-31,-37,-39,-35,-39,-37,-35,-40,-33,-27,-33,-38,-31,-23,-23,-25,-25,-26,-29,-42,-18,-25,-24,-22,-22,-30,-29,-16,-16,-15,-15,-13,-18,-23,-10,-23,-15,-14,-15,-19,-22,-10,-7,-10,-9,-7,-12,-20,-6,-5,-7,-6,-12,-11,-14,1,-1,-1,2,2,-5,-8,10,2,3,1,3,-5,-7,7,-2,2,12,17,9,-24,8,14,12,5,8,-2,-4,11,7,4,11,9,0,-3,14,10,10,8,7,2,-2,16,11,10,10,10,5,1,17,18,9,13,12,4,1,17,16,12,12,12,5,2,18,15,11,12,13,4,1,18,12,8,14,9,4,-7,18,11,12,7,11,6,5,26,15,6,6,3,0,1,11,8,5,4,1,-1,1,13,4,0,0,-1,-2,-1,10,-1,0,-1,2,-4,0,11,1,-1,-2,-2,-2,2,18,7,-11,-1,-4,-10,-10,4,-5,-8,-6,-6,-9,-7,2,-9,-9,-8,-10,-10,-12,-7,-11,-4,-12,-12,-14,-12,-2,-10,-8,-5,-16,-19,-16,-9,-14,-15,-15,-17,-19,-18,-12,-19,-7,-4,-84,-22,-24,-12,-17,-13,-12,-12,-13,-35,-20,-10,-13,-13,-15,-15,-15,-12,-11,-11,-7,-50,-14,-11,-6,0,6,16,-5,-89,-30,-17,-10,-12,-8,1,-34,-48,-15,-11,-18,-15,-19,-23,-19,-13,-17,-18,-19,-22,-24,-36,-15,-16,-23,-23,-24,-26,-24,-23,-22,-22,-28,-25,-28,-24,-16,-10,-64,-20,-19,-27,-20,-27,-23,-26,-17,-18,-20,-15,-5,-10,-48,-11,-15,-25,-19,-10,-21,-17,-10,-15,-15,-25,-3,-12,-20,-6,-12,-15,-11,-2,-11,-10,-6,-9,-8,-6,-2,-12,-7,5,-6,-7,0,14,1,1,-1,-7,-12,-1,-2,-3,1,1,-4,-1,3,-47,2,-1,4,1,-2,3,11,2,1,4,0,-18,-6,9,10,9,3,-2,-2,1,7,2,4,4,-1,-4,5,17,8,8,3,4,3,7,30,7,5,9,6,5,8,24,15,13,15,11,7,8,25,17,17,18,17,15,11,31,14,19,20,19,14,13,36,28,25,24,22,14,15,37,26,24,27
24,Maryland,"6,177,224",1,2,5,8,2,2,1,-1,5,6,1,1,3,3,2,5,8,4,7,7,6,1,6,7,6,5,4,8,1,-7,-13,-7,-20,-23,-24,-27,-36,-40,-35,-38,-44,-36,-39,-48,-45,-26,-48,-43,-42,-41,-47,-47,-40,-41,-40,-42,-43,-43,-60,-49,-39,-37,-38,-40,-45,-45,-39,-39,-36,-40,-42,-41,-49,-38,-36,-33,-44,-34,-34,-40,-30,-30,-38,-30,-37,-35,-30,-36,-31,-30,-31,-30,-32,-35,-31,-26,-27,-26,-33,-29,-32,-31,-25,-25,-28,-28,-27,-25,-20,-19,-20,-22,-27,-24,-21,-19,-17,-19,-21,-20,-20,-19,-16,-13,-19,-16,-20,-22,-17,-20,-13,-12,-14,-16,-19,-17,-12,-6,-7,-2,-9,-31,-21,-14,-11,-10,-11,-16,-17,-16,-12,-8,-9,-10,-15,-17,-16,-15,-10,-17,-11,-16,-17,-15,-13,-10,-10,-13,-16,-17,-15,-14,-19,-9,-13,-16,-17,-15,-13,-10,-15,-15,-17,-18,-19,-15,-10,-13,-12,-16,-18,-16,-15,-12,-11,-13,-18,-20,-12,-19,-12,-13,-15,-13,-14,-10,-13,-15,-16,-20,-18,-15,-15,-15,-11,-12,-16,-15,-12,-14,-16,-14,-13,-16,-17,-17,-17,-16,-17,-13,-14,-15,-13,-15,-17,-14,-14,-15,-16,-16,-22,-21,-17,-14,-15,-20,-15,-17,-20,-16,-16,-16,-18,-16,-24,-19,-16,-14,-25,-16,-17,-24,-18,-10,-19,-18,-19,-16,-17,-19,-15,-20,-23,-21,-19,-22,-22,-20,-19,-21,-21,-20,-21,-18,-10,-1,-63,-31,-27,-25,-28,-18,-20,-20,-24,-22,-22,-23,-20,-20,-21,-22,-20,-19,-26,-11,-41,-30,-23,-20,-21,-13,-7,2,-10,-80,-37,-32,-19,-16,-13,-8,-54,-27,-35,-24,-23,-25,-25,-28,-26,-28,-28,-24,-25,-27,-30,-28,-30,-24,-27,-29,-28,-29,-29,-31,-31,-34,-26,-29,-28,-19,-59,-55,-38,-25,-25,-26,-21,-44,-30,-23,-21,-37,-27,-38,-25,-24,-26,-16,-64,-36,-24,-25,-36,-20,-16,-20,-22,-20,-30,-24,-19,-15,-20,-22,-18,-19,-22,-16,-14,-15,-18,-13,-14,-19,-18,-11,-21,-17,-12,-9,-15,-12,-21,-15,-14,-12,-21,-14,-9,-15,-11,-13,-11,-29,-9,-9,-8,-10,-18,-12,-9,-16,-11,-14,-11,-15,-12,-9,-15,-8,-12,-15,-15,-13,-11,-13,-9,-8,-12,-13,-9,-6,-13,-8,-8,-8,-15,-8,-4,-12,-8,-7,-7,-11,-9,-9,-10,-6,-5,-6,-9,-9,-6,-15,-6,-7,-4,-10,-15,-8,-7,-6,-4,-8,-8,-8,-4,-7,-5,-4,-9,-15,-8,-6,-6,-1,0
25,Massachusetts,"7,029,917",3,2,6,11,-4,3,3,0,5,9,4,2,5,4,5,9,10,7,11,4,7,2,7,9,10,5,5,5,-5,-11,-15,-12,-32,-31,-39,-34,-42,-46,-40,-49,-52,-47,-48,-52,-59,-49,-46,-46,-50,-54,-53,-53,-44,-46,-51,-54,-50,-49,-67,-58,-45,-45,-47,-48,-59,-45,-45,-50,-47,-45,-51,-45,-53,-50,-43,-41,-47,-45,-41,-37,-37,-36,-40,-39,-42,-45,-37,-43,-38,-36,-36,-40,-39,-37,-35,-33,-31,-30,-33,-41,-32,-36,-30,-28,-30,-34,-34,-29,-26,-28,-27,-27,-31,-35,-31,-22,-25,-23,-29,-25,-26,-21,-18,-18,-17,-18,-22,-24,-21,-16,-15,-17,-15,-21,-25,-22,-17,-14,-11,-5,-14,-40,-21,-10,-12,-14,-12,-19,-20,-14,-12,-13,-10,-11,-19,-21,-16,-12,-11,-12,-15,-15,-19,-14,-11,-12,-10,-12,-14,-18,-15,-7,-18,-9,-10,-16,-18,-14,-10,-13,-13,-13,-17,-21,-19,-11,-13,-14,-11,-16,-20,-17,-11,-13,-10,-17,-15,-21,-7,-10,-7,-16,-10,-12,-17,-11,-10,-14,-14,-16,-16,-14,-14,-11,-10,-13,-13,-17,-14,-12,-14,-16,-15,-15,-17,-15,-16,-16,-15,-17,-13,-18,-15,-13,-17,-17,-19,-15,-18,-16,-13,-16,-29,-17,-16,-24,-17,-16,-18,-20,-19,-17,-19,-18,-18,-21,-20,-23,-23,-31,-21,-24,-22,-15,-23,-21,-22,-19,-17,-20,-19,-16,-25,-28,-23,-23,-23,-24,-24,-24,-24,-22,-24,-23,-14,-3,-81,-30,-28,-25,-30,-21,-23,-22,-22,-43,-25,-23,-25,-25,-24,-24,-27,-19,-24,-18,-14,-67,-29,-24,-24,-12,-9,-1,-12,-88,-38,-32,-20,-22,-18,-12,-52,-36,-36,-29,-30,-31,-31,-33,-31,-29,-30,-30,-31,-33,-33,-38,-31,-26,-33,-35,-34,-33,-33,-36,-32,-35,-37,-34,-38,-33,-29,-43,-48,-31,-30,-33,-26,-49,-33,-42,-29,-28,-30,-25,-25,-29,-37,-26,-32,-44,-31,-28,-33,-29,-25,-26,-27,-30,-24,-27,-30,-23,-26,-27,-23,-23,-26,-24,-22,-21,-22,-19,-22,-26,-24,-17,-25,-23,-16,-12,-17,-18,-18,-17,-21,-14,-24,-19,-17,-16,-18,-17,-13,-40,-17,-17,-14,-14,-16,-12,-15,-18,-17,-15,-20,-32,-19,-12,-10,-11,-17,-17,-18,-14,-21,-15,-15,-15,-21,-16,-11,-8,-11,-16,-16,-10,-14,-9,-2,-14,-11,-11,-9,-12,-9,-5,-8,-9,-7,-7,-12,-10,-5,-7,-8,-7,-5,-11,-19,-14,-8,-8,-6,-6,-9,-8,-2,-2,-7,-3,-3,-9,-8,-1,-10,-5,-1
26,Michigan,"10,077,331",4,2,9,1,-2,2,2,-1,9,12,1,4,-8,1,2,13,17,9,12,11,10,2,14,17,6,11,7,7,-5,-13,-11,-17,-29,-33,-34,-41,-46,-47,-34,-59,-53,-56,-58,-63,-58,-54,-53,-50,-49,-52,-60,-55,-51,-54,-49,-53,-57,-58,-74,-57,-53,-48,-48,-57,-53,-50,-44,-49,-48,-49,-50,-50,-42,-37,-35,-40,-39,-37,-38,-30,-30,-31,-29,-31,-40,-37,-33,-36,-29,-24,-36,-36,-34,-37,-34,-27,-19,-20,-31,-31,-20,-31,-21,-21,-22,-30,-27,-19,-16,-17,-13,-15,-24,-23,-13,-8,-11,-14,-5,-16,-14,-5,-2,-2,1,-1,-11,-11,-4,-4,-2,3,2,-12,-10,0,2,4,9,11,-7,-34,-8,1,-1,1,-1,-14,-12,-2,-1,-2,1,-4,-12,-14,-9,-1,-2,0,-1,-11,-12,-2,-3,-2,0,-1,-10,-13,-6,1,1,1,-1,-11,-12,-3,-5,-3,-1,-2,-13,-12,-4,-4,-4,-1,-3,-13,-13,-4,-6,-5,-5,-5,-17,-12,-4,-5,-5,-3,0,-9,-13,-3,-15,-12,-8,-8,-13,-11,-5,-7,-4,-4,-4,-11,-9,-3,-7,-8,-6,-7,-13,-10,-5,-12,-9,-10,-6,-13,-10,-9,-9,-9,-7,-8,-13,-11,-5,-13,-10,-9,-11,-15,-11,-13,-15,-13,-11,-13,-18,-14,-13,-16,-16,-10,-12,-16,-19,-20,-16,-5,-16,-15,-19,-16,-11,-15,-15,-12,-16,-22,-19,-26,-19,-19,-24,-25,-29,-28,-31,-22,-20,-9,-80,-34,-31,-27,-28,-27,-22,-22,-29,-26,-27,-25,-26,-22,-22,-27,-30,-25,-24,-22,-23,-22,-26,-24,-20,-12,-8,2,-23,-90,-42,-33,-22,-19,-23,-11,-60,-37,-36,-23,-25,-26,-28,-33,-28,-29,-29,-31,-27,-29,-36,-32,-32,-29,-32,-33,-29,-36,-30,-38,-31,-42,-29,-31,-33,-30,-38,-26,-24,-18,-24,-41,-29,-32,-30,-26,-24,-22,-27,-25,-15,-28,-41,-24,-23,-27,-22,-21,-26,-20,-17,-18,-21,-15,-16,-18,-17,-9,-15,-19,-13,-11,-15,-14,-12,-13,-18,-9,-6,-14,-13,1,-9,-13,-6,1,-7,-8,-5,-9,-17,-10,-11,-9,-7,-4,-5,-11,-10,-39,-9,-6,-1,-8,-14,-10,-5,-10,-6,-6,-10,-16,-10,-3,-11,-13,-10,-9,-14,-11,-4,-10,-5,-4,-8,-11,-7,2,-7,-5,-2,-7,-12,-3,0,-8,-5,0,0,-9,-5,1,-1,0,2,1,-8,-6,0,-2,0,3,3,-10,-5,5,-13,1,0,7,-5,-3,7,2,2,8,7,-5,-4,7,4,5,8
27,Minnesota,"5,706,494",4,6,9,4,-2,0,-2,2,5,11,4,5,6,3,5,8,15,6,10,7,1,6,7,13,4,6,7,3,2,-7,-5,-5,-18,-34,-41,-38,-49,-48,-39,-41,-37,-37,-40,-65,-58,-44,-42,-41,-46,-50,-51,-46,-43,-41,-42,-45,-41,-44,-77,-45,-45,-38,-40,-40,-43,-39,-38,-36,-33,-38,-38,-40,-35,-29,-37,-31,-30,-32,-35,-28,-27,-27,-27,-30,-31,-36,-30,-30,-28,-30,-30,-30,-38,-39,-23,-21,-19,-23,-26,-35,-26,-26,-24,-19,-24,-30,-35,-26,-13,-19,-10,-15,-17,-26,-16,-12,-16,-7,-10,-13,-19,-10,-7,-6,-5,-12,-11,-18,-11,-7,-6,-4,-8,-12,-19,-12,-6,-1,2,2,-9,-40,-18,-4,-5,-5,-8,-11,-19,-7,-5,-6,-2,-7,-12,-21,-7,-6,-5,-4,-7,-12,-21,-11,-6,-6,-3,-7,-10,-18,-8,-4,-5,-4,-7,-11,-18,-10,-3,-3,-7,-7,-14,-16,-7,-4,-5,-4,-7,-11,-17,-8,-6,-6,-5,-9,-11,-16,-6,-3,-3,-2,-4,-8,-17,-6,-9,-8,-8,-9,-13,-14,-10,-7,-6,-6,-10,-9,-13,-8,-7,-7,-8,-11,-12,-15,-9,-10,-9,-8,-10,-12,-15,-9,-10,-9,-9,-13,-13,-14,-9,-10,-12,-10,-10,-14,-19,-15,-13,-29,-13,-23,-16,-17,-19,-14,-14,-12,-15,-13,-18,-16,-13,-5,-15,-17,-15,-21,-15,-18,-25,-18,-26,-21,-25,-23,-20,-20,-16,-20,-20,-32,-31,-21,-22,-6,-83,-28,-34,-33,-23,-23,-24,-27,-27,-29,-29,-25,-25,-23,-27,-27,-28,-32,-24,-23,-21,-25,-24,-27,-22,-12,-4,-23,-35,-91,-38,-38,-16,-28,-21,-13,-51,-36,-33,-23,-24,-26,-31,-32,-33,-29,-20,-21,-19,-37,-36,-28,-24,-19,-28,-24,-26,-26,-32,-31,-25,-24,-24,-26,-25,-27,-23,-22,-21,-17,-35,-28,-32,-36,-29,-25,-22,-27,-26,-26,-23,-24,-25,-26,-26,-23,-22,-24,-20,-19,-16,-19,-19,-17,-22,-18,-15,-13,-17,-16,-15,-9,-14,-13,-19,-17,-15,-12,-9,-27,-15,-4,-9,-9,-9,-4,-8,-12,-12,-11,-12,-14,-4,-7,-9,-6,-6,-5,-11,-39,-1,-8,-6,-11,-12,-11,-4,-15,-13,-9,-11,-10,-10,-3,-11,-10,-7,-9,-12,-10,-7,-10,-9,-3,-6,-6,-8,-1,-2,-1,0,-4,-4,-3,11,-3,-1,2,-1,-4,-5,5,4,0,1,-3,-3,-6,5,2,3,6,-3,1,-8,5,3,5,7,5,1,-5,10,8,9,10,6,2,-4,9,10,9,10
28,Mississippi,"2,961,279",1,8,3,2,-2,3,-5,1,6,4,2,10,22,18,15,20,23,17,22,12,16,10,14,16,12,16,15,14,5,3,2,4,-3,-5,-13,-23,-30,-36,-26,-28,-24,-26,-29,-34,-32,-26,-26,-15,-21,-28,-47,-43,-32,-35,-31,-30,-32,-35,-63,-27,-24,-12,-19,-27,-29,-42,-18,-15,-18,-25,-23,-26,-22,-12,-14,-11,-10,-12,-16,-15,-5,-5,-3,-8,-20,-7,-11,-4,-3,1,-8,-12,-12,-12,0,0,3,-1,-7,-9,-4,-16,-3,1,-2,-7,-6,-2,8,5,9,1,-7,-5,-15,-8,2,7,2,-4,-3,-1,5,6,8,2,-4,-1,-4,-4,1,1,-3,-8,-7,-5,2,7,11,10,4,-30,-10,4,1,1,-2,-8,-9,-7,1,0,3,-3,-9,-9,-8,0,-1,1,-5,-12,-12,-11,-2,-2,0,-4,-5,-4,-3,5,2,3,-5,-10,-9,-7,-4,-5,-2,-9,-13,-9,-9,-7,-8,-5,-11,-14,-11,-9,-11,-14,-7,-14,-15,-11,-13,-8,-2,-3,-2,-8,-8,-4,-16,-7,-5,-10,-12,-10,-9,-3,-16,-7,-6,-10,-8,-9,-7,-8,-11,-13,-13,-11,-11,-12,-8,-4,-4,-6,-5,-4,-4,-5,-4,-9,-14,-20,-12,-10,-8,-5,-9,-11,-9,-9,-11,-11,-8,-11,-13,-12,-13,-10,-10,-19,-15,-10,-10,-9,-7,7,-7,-11,-13,-10,-10,-10,-10,-7,-12,-13,-10,-11,-11,-11,-7,-11,-13,-11,-11,-4,0,10,-74,-24,-18,-23,-8,-6,-6,-9,-13,-10,-13,-10,-10,-7,-11,-14,-11,-13,-10,-8,-6,-8,-10,-11,-7,4,7,19,-2,-85,-23,-17,-6,-7,3,4,-39,-16,-12,0,-4,-6,-17,-18,-13,-14,-20,-8,-8,-13,-17,-14,-15,-12,-13,-12,-18,-19,-16,-21,-16,-14,-12,-16,-15,-14,-14,-11,-11,-4,-13,-16,-16,-19,-13,-10,-8,-21,-17,-13,-26,-71,-58,-49,-46,-33,-20,-10,-1,-1,1,-6,-11,-5,-3,-5,-8,8,-2,-8,-2,0,-1,-1,3,-3,-5,4,10,7,7,3,12,2,8,16,10,-2,11,-6,1,2,7,8,4,7,14,8,7,-15,14,14,16,11,-1,5,13,9,5,1,4,-3,0,7,7,6,9,2,-4,-1,6,5,4,8,2,1,5,0,9,-3,13,6,2,8,4,2,-2,6,4,-1,0,5,3,2,8,4,0,0,5,6,7,10,7,2,1,9,-9,9,9,9,0,-1,-5,5,4,6,2,-1,0,2,7,7,10
29,Missouri,"6,154,913",4,5,13,4,0,9,1,10,7,12,-2,2,13,8,17,15,21,9,14,18,10,16,12,20,3,11,19,8,12,-6,-2,-2,-10,-12,-25,-24,-37,-40,-33,-44,-33,-39,-37,-46,-38,-36,-34,-27,-36,-36,-48,-43,-43,-39,-33,-39,-34,-44,-62,-39,-37,-22,-32,-34,-37,-32,-29,-28,-28,-33,-30,-39,-25,-25,-26,-21,-21,-18,-28,-23,-22,-13,-10,-18,-13,-20,-13,-18,-20,-12,-17,-13,-21,-15,-10,-10,-1,-7,-5,-15,-8,-16,-11,-4,-11,-3,-14,-4,-3,-4,3,-5,-3,-14,-4,-5,-7,5,-3,0,-10,0,-1,-2,7,-1,2,-9,-1,-4,-1,7,-1,1,-12,-2,-1,-2,12,9,9,-31,-9,-1,-3,5,-3,0,-13,-2,-3,-4,2,-3,-2,-14,-6,-7,-7,3,-6,-2,-14,-5,-7,-6,-2,-7,-1,-11,-3,0,2,4,-4,2,-10,-2,-6,-3,4,-4,1,-10,0,-3,-4,4,-4,1,-10,-2,-6,-7,0,-8,-1,-12,-2,-7,-5,2,-1,5,-8,2,-7,-9,0,-9,-4,-10,-3,-6,-5,0,-7,0,-7,-3,-7,-9,-3,-9,-2,-9,-7,-9,-9,0,-5,1,-9,-2,-7,-8,-2,-9,-1,-9,-4,-8,-10,-2,-8,-1,-8,-8,-14,-14,-5,-7,-5,-12,-10,-19,-16,-6,-11,1,-11,-9,-10,4,-7,-12,-5,-11,-8,-11,-15,-2,-13,-6,-19,-10,-13,-15,-7,-14,-9,-20,-13,-12,-9,10,-75,-13,-22,-18,-14,-12,-7,-14,-8,-13,-11,-14,-15,-5,-11,-10,-14,-16,-12,-12,-5,-11,-5,-11,-6,1,4,19,-10,-82,-25,-18,-7,-19,-2,4,-51,-27,-18,-9,-11,-10,-19,-13,-18,-14,-16,-16,-10,-20,-27,-23,-19,-14,-20,-13,-16,-11,-17,-19,-25,-21,-29,-19,-10,-22,-16,-16,-16,-4,-20,-8,-24,-36,-35,-31,-28,-24,-14,-22,-30,-59,-38,-34,-21,-12,-13,-14,-11,-7,-2,-10,-5,-6,-5,-7,-7,5,-5,-2,-5,3,-6,-5,1,-9,-3,-2,0,-1,1,10,-1,10,5,14,3,-2,12,-2,9,2,13,4,2,13,8,14,2,-19,7,5,7,1,8,-3,14,2,2,11,3,4,-1,8,1,-12,6,0,4,-2,11,2,1,4,3,10,3,9,5,0,15,3,9,4,10,0,0,12,5,10,0,6,1,1,11,4,10,0,12,5,4,17,1,14,2,15,0,5,15,12,14,2,13,8,7,17,9,9,1,14,9,9,18
30,Montana,"1,084,225",2,4,9,6,-2,1,6,4,8,10,1,4,9,12,11,14,18,9,10,8,12,9,11,11,8,8,6,10,0,-15,-14,-2,-19,-27,-29,-33,-41,-39,-32,-35,-37,-33,-35,-59,-51,-42,-45,-47,-45,-44,-49,-45,-37,-38,-37,-35,-38,-55,-67,-38,-38,-35,-35,-37,-42,-36,-28,-31,-32,-36,-35,-37,-28,-24,-23,-22,-23,-23,-23,-21,-8,-10,-15,-13,-16,-13,-5,-12,-14,-10,-8,-14,-13,-6,-3,-4,-3,-2,-7,-13,-2,-10,-1,0,2,-6,-9,2,8,7,6,6,-1,-6,5,6,4,7,8,0,-2,8,11,8,7,9,2,-1,12,14,12,11,13,3,-1,9,13,13,18,23,6,-24,6,20,13,13,13,2,-2,10,15,12,13,11,0,-3,10,15,10,10,10,2,-3,10,14,9,9,11,3,-2,11,17,13,12,11,2,-2,11,15,13,12,12,4,-1,12,14,10,9,10,3,0,11,11,8,8,6,1,-1,10,11,10,9,12,5,0,15,-2,11,9,9,2,3,8,10,8,6,5,1,0,7,8,4,2,2,-3,-2,3,4,1,2,4,-1,-1,3,4,1,-1,-1,-6,-7,-3,-2,-5,-4,-1,-8,-15,-15,-6,-4,-6,-9,-13,-36,-20,-10,-9,-7,-5,-9,-8,-10,-4,-3,-10,-8,-12,-15,-32,-15,-14,-13,-14,-17,-19,-16,-10,-12,-11,-12,-15,-16,-12,-5,-3,3,-79,-20,-22,-15,-8,-8,-9,-8,-12,-10,-8,-6,-9,-9,-9,-14,-15,-11,-7,-6,-3,-5,-8,-5,-3,9,3,17,-9,-87,-24,-15,-2,-4,-3,4,-40,-16,-13,-2,-6,-8,-12,-14,-14,-8,-8,-11,-14,-11,-17,-15,-14,-10,-13,-13,-13,-17,-16,-14,-12,-14,-13,-12,-16,-15,-8,-7,-9,-11,-11,-21,-27,-33,-21,-17,-15,-18,-20,-17,-7,-11,-15,-13,-9,-12,-10,-8,-6,-9,-4,-6,-9,-9,-4,0,-3,2,2,-3,-1,4,-2,-5,0,1,-2,3,7,5,4,15,10,3,4,14,8,4,6,4,0,5,12,2,5,10,14,9,6,-25,12,8,11,7,4,5,8,8,4,4,5,3,6,10,5,7,9,5,0,4,8,10,9,10,10,6,10,14,17,11,14,12,5,9,20,12,10,12,13,8,11,21,20,13,13,9,1,5,7,16,14,16,20,14,12,29,14,24,24,25,16,15,27,32,23,25,22,14,12,26,31,26,28
31,Nebraska,"1,961,504",4,9,11,7,5,-6,1,8,11,11,4,2,10,6,12,14,17,9,10,12,8,11,11,13,2,5,9,8,3,-17,-12,-5,-17,-22,-33,-33,-38,-40,-30,-32,-30,-34,-34,-44,-34,-30,-29,-27,-40,-40,-43,-40,-33,-31,-33,-36,-34,-39,-69,-35,-36,-25,-43,-33,-33,-31,-24,-25,-25,-27,-30,-33,-26,-20,-24,-23,-22,-20,-29,-22,-19,-15,-19,-23,-18,-23,-15,-19,-18,-20,-20,-16,-24,-20,-11,-12,-10,-14,-15,-21,-16,-19,-17,-12,-12,-12,-23,-15,-9,-8,-4,-8,-9,-16,-9,-4,-12,-2,-6,-7,-14,-8,-2,-4,-2,-9,-4,-10,-6,-4,-2,-1,-4,-5,-12,-6,1,1,7,9,4,-35,-14,1,-2,-1,-3,-5,-11,-5,-1,-3,-1,-4,-5,-14,-6,-2,-4,-2,-5,-6,-12,-9,-1,-4,-3,-4,-1,-10,-3,3,-2,-1,-4,-2,-9,-2,5,1,2,-2,-3,-7,-4,1,-4,-2,-6,-4,-9,-5,-4,-6,-3,-7,-4,-7,-3,-1,-2,-1,-1,0,-9,-2,-4,-13,-7,-9,-6,-7,-3,-1,-2,-3,-6,-1,-6,-2,-1,-4,-5,-7,-3,-8,-6,-3,-5,-3,-4,-2,-6,-2,-3,-6,-5,-8,-5,-9,-5,-3,-8,-6,-7,-5,-11,-11,-8,-10,-8,-11,-7,-18,-22,-15,-11,-8,-10,-4,-12,-9,-7,-1,-10,-13,-9,-16,-11,-13,-20,-8,-17,-13,-21,-15,-12,-14,-11,-15,-13,-21,-13,-10,-8,8,-74,-19,-22,-19,-9,-11,-11,-14,-11,-16,-13,-9,-11,-8,-12,-19,-25,-14,-9,-12,-7,-10,-8,-11,-6,7,9,-12,-10,-82,-22,-19,4,-49,-7,4,-36,-20,-17,-3,-9,-16,-18,-14,-15,-13,-11,-13,-12,-21,-41,-19,-16,-9,-16,-14,-16,-14,-23,-18,-58,-37,-19,-20,-13,-18,-15,-12,-15,-8,-26,-11,-40,-41,-23,-17,-14,-18,-25,-23,-24,-22,-24,-15,-15,-11,-11,-28,-9,-7,-7,-10,-6,-5,-5,-4,-5,0,-6,-3,-3,2,-2,-2,-3,-4,-2,-6,-17,-3,-2,8,3,5,5,9,-3,-3,2,-2,1,2,8,6,2,6,7,9,0,-25,11,2,2,-3,2,3,8,4,2,2,-2,-1,1,7,-4,1,2,-2,2,2,8,7,3,4,4,7,5,10,8,8,9,5,8,4,17,7,5,8,5,6,3,6,7,7,8,6,7,0,9,10,11,12,10,9,2,10,7,11,13,10,8,1,11,14,12,13,8,5,1,9,14,13,14
32,Nevada,"3,104,614",2,3,6,5,2,1,4,2,0,5,3,5,9,8,6,7,7,6,9,7,6,3,2,4,4,2,5,2,1,-6,-6,-5,-12,-27,-36,-38,-46,-46,-41,-40,-41,-42,-43,-47,-47,-40,-37,-37,-40,-41,-48,-49,-43,-42,-43,-43,-44,-45,-61,-46,-44,-38,-40,-44,-47,-46,-42,-39,-39,-41,-42,-45,-44,-38,-35,-36,-36,-37,-41,-40,-35,-32,-35,-35,-37,-36,-33,-33,-30,-28,-30,-32,-36,-35,-28,-25,-23,-24,-28,-32,-29,-29,-25,-23,-24,-27,-30,-28,-21,-19,-18,-18,-20,-22,-19,-15,-12,-13,-16,-19,-20,-17,-15,-12,-12,-14,-17,-20,-16,-15,-13,-13,-14,-18,-21,-19,-12,-9,-9,-7,-11,-29,-19,-11,-11,-12,-14,-17,-23,-21,-16,-13,-15,-16,-19,-23,-20,-17,-14,-15,-16,-19,-22,-19,-17,-15,-17,-18,-20,-22,-19,-15,-13,-15,-17,-19,-21,-19,-17,-16,-17,-18,-20,-23,-21,-19,-18,-18,-18,-20,-21,-19,-20,-19,-19,-20,-21,-21,-19,-19,-15,-17,-16,-17,-17,-13,-17,-17,-16,-18,-20,-19,-18,-18,-16,-18,-19,-18,-18,-16,-17,-16,-18,-19,-18,-18,-17,-18,-18,-17,-16,-18,-17,-17,-17,-16,-18,-18,-17,-17,-15,-17,-16,-15,-16,-16,-14,-14,-16,-14,-15,-16,-15,-15,-15,-16,-14,-14,-13,-13,-17,-17,-17,-13,-20,-20,-19,-19,-20,-18,-15,-13,-19,-20,-19,-18,-20,-19,-20,-21,-21,-20,-18,-16,-13,-6,-57,-27,-26,-25,-22,-19,-22,-21,-24,-24,-24,-22,-21,-22,-23,-24,-24,-25,-23,-20,-19,-22,-22,-22,-19,-13,-8,-5,-15,-68,-29,-25,-18,-13,-9,-5,-30,-20,-22,-20,-20,-22,-25,-26,-26,-25,-25,-23,-24,-26,-27,-26,-23,-23,-27,-26,-26,-28,-27,-27,-31,-25,-29,-28,-28,-24,-23,-24,-22,-22,-23,-23,-21,-27,-24,-22,-19,-22,-21,-18,-8,-16,-21,-20,-21,-21,-21,-17,-20,-17,-18,-19,-18,-16,-15,-16,-15,-15,-15,-16,-15,-13,-16,-15,-17,-18,-17,-10,-8,-12,-7,-2,-6,-9,-7,-3,-7,-7,-6,-8,-9,-7,-2,-4,-3,-2,-3,-6,-7,-17,-5,-3,-3,-4,-7,-6,-4,-7,-6,-6,-7,-8,-8,-4,-6,-4,-5,-6,-7,-8,-5,-7,-6,-5,-6,-7,-7,-3,-4,-3,-3,-6,-7,-6,0,-4,-3,-3,-4,-6,-7,-3,-3,-2,-3,-5,-7,-8,-3,-3,-1,1,0,-3,-5,3,-2,1,0,-1,-5,-8,-3,-1,1,0,0,-5,-8,-3,-1,0,-1
33,New Hampshire,"1,377,529",3,3,10,21,-12,7,7,1,4,6,5,4,8,1,2,4,10,6,8,5,6,1,7,9,9,8,7,7,-1,-5,-6,-1,-22,-23,-33,-33,-39,-41,-38,-42,-38,-34,-37,-51,-58,-43,-39,-39,-44,-47,-48,-48,-36,-38,-40,-47,-43,-42,-65,-46,-35,-31,-36,-39,-49,-37,-32,-38,-35,-33,-39,-37,-41,-37,-30,-26,-35,-35,-32,-25,-22,-22,-24,-25,-30,-36,-28,-27,-23,-19,-20,-27,-25,-22,-15,-13,-9,-8,-12,-19,-9,-8,-10,-8,-9,-16,-16,-9,-6,-8,-5,-5,-11,-14,-7,-1,-5,-2,-8,-10,-11,-3,2,3,3,2,-4,-7,-1,3,2,2,3,-5,-9,-2,3,5,9,16,10,-28,-3,11,6,3,4,-5,-8,0,3,2,6,5,-3,-9,-1,5,5,5,1,-1,-6,2,5,5,6,5,0,-6,2,10,-3,7,5,-2,-6,1,7,3,5,4,-2,-6,1,7,5,6,7,-2,-5,1,6,3,7,2,-1,-11,6,5,5,0,5,2,-3,8,17,4,-1,-3,-4,-3,-1,2,2,0,-2,-5,-2,2,0,-3,-3,-3,-5,-1,1,-2,-1,-3,0,-6,2,6,-1,-3,-5,-3,-4,-1,8,9,-13,-3,-3,-13,-6,-4,-6,-8,-8,-6,-9,-8,-5,-10,-8,-10,-9,-18,-13,-13,-11,0,-12,-10,-13,-10,-6,-8,-7,0,-13,-16,-13,-13,-12,-13,-12,-14,-17,-15,-15,-12,-4,8,-80,-14,-20,-16,-17,-10,-12,-12,-12,-39,-20,-10,-12,-13,-13,-15,-15,-12,-9,-6,-1,-60,-14,-10,-12,7,10,21,1,-90,-28,-21,-4,-5,0,5,-34,-32,-22,-16,-18,-18,-20,-22,-19,-17,-19,-18,-18,-21,-23,-31,-18,-9,-21,-23,-24,-24,-22,-26,-22,-23,-25,-23,-26,-21,-17,-21,-51,-20,-19,-27,-16,-38,-20,-33,-16,-17,-19,-11,-11,-10,-34,-13,-16,-34,-17,-14,-22,-14,-9,-12,-15,-25,-10,-15,-19,-10,-13,-17,-11,-10,-14,-11,-10,-10,-12,-7,-10,-12,-9,-1,-10,-10,-3,2,-3,-3,-5,-5,-10,-3,-10,-4,-2,-3,-5,-4,-2,-39,-4,-3,-1,-1,-5,-2,2,-4,-3,0,-5,-23,-6,2,5,3,-2,-2,-5,-4,-5,0,0,-2,-5,-6,-3,4,3,1,-1,2,-2,2,10,1,2,2,4,0,1,9,7,7,7,7,0,1,9,8,8,7,11,4,-1,7,17,8,7,10,4,1,11,13,9,11,13,4,5,14,9,12,16
34,New Jersey,"9,288,994",3,3,4,14,1,2,1,-1,7,6,1,-1,3,2,2,7,8,6,4,8,7,-2,9,8,8,5,6,5,-1,-7,-14,-10,-27,-30,-35,-35,-42,-57,-56,-46,-51,-46,-48,-59,-59,-49,-49,-47,-51,-62,-64,-66,-58,-57,-58,-61,-62,-61,-76,-70,-58,-56,-58,-59,-64,-62,-58,-60,-56,-58,-62,-57,-67,-57,-51,-54,-56,-53,-50,-52,-47,-46,-52,-47,-53,-50,-47,-51,-47,-44,-44,-45,-45,-46,-42,-42,-41,-39,-44,-50,-43,-44,-39,-39,-42,-43,-40,-40,-37,-38,-39,-36,-41,-38,-36,-33,-32,-33,-37,-34,-34,-34,-26,-26,-27,-28,-29,-29,-30,-23,-22,-21,-23,-27,-30,-28,-18,-18,-18,-10,-15,-38,-29,-24,-17,-20,-18,-39,-24,-22,-17,-15,-14,-15,-20,-21,-22,-17,-15,-20,-17,-22,-20,-21,-16,-17,-14,-16,-19,-19,-21,-12,-32,-7,-12,-21,-17,-17,-13,-14,-17,-18,-18,-19,-27,-15,-14,-16,-12,-17,-19,-20,-15,-15,-12,-15,-21,-23,-15,-14,-13,-14,-14,-13,-14,-11,-8,-15,-16,-20,-19,-13,-16,-15,-14,-15,-16,-17,-12,-15,-15,-15,-15,-16,-17,-14,-16,-15,-22,-15,-14,-18,-12,-15,-17,-16,-18,-17,-19,-14,-19,-25,-21,-16,-16,-28,-13,-16,-19,-19,-18,-18,-18,-14,-18,-21,-17,-18,-28,-21,-18,-26,-19,-15,-20,-17,-19,-15,-16,-19,-18,-21,-25,-25,-18,-24,-21,-22,-22,-22,-23,-19,-23,-18,-13,-2,-63,-27,-25,-24,-32,-20,-21,-21,-26,-25,-23,-22,-23,-24,-22,-23,-21,-19,-23,-10,-31,-48,-26,-20,-22,-9,-5,5,-7,-81,-33,-30,-15,-15,-10,-9,-53,-27,-40,-25,-26,-27,-28,-31,-26,-28,-28,-27,-28,-28,-32,-27,-29,-20,-28,-31,-30,-30,-27,-31,-29,-38,-29,-30,-34,-24,-31,-79,-57,-32,-27,-29,-20,-58,-29,-30,-24,-32,-26,-24,-25,-22,-27,-20,-62,-41,-22,-24,-35,-24,-20,-22,-24,-21,-28,-24,-24,-19,-22,-25,-19,-20,-22,-19,-18,-16,-19,-13,-17,-20,-21,-15,-24,-18,-10,-9,-13,-14,-22,-14,-16,-9,-23,-12,-9,-13,-9,-15,-10,-34,-10,-11,-10,-9,-17,-11,-22,-18,-13,-13,-19,-18,-11,-9,-13,-9,-15,-15,-14,-9,-14,-11,-11,-7,-13,-13,-7,-6,-11,-8,-12,-7,-11,-7,-5,-11,-9,-6,-5,-9,-5,-5,-6,-5,-4,-4,-8,-6,-3,-6,-5,-6,0,-10,-14,-13,2,-4,-4,-8,-9,-3,-2,-2,-7,-2,0,-8,-3,-3,-2,2,4
35,New Mexico,"2,117,522",2,5,10,8,4,2,4,3,2,2,4,4,12,13,12,12,17,12,14,13,12,8,10,9,12,12,12,13,1,-5,-7,-2,-11,-15,-24,-28,-37,-36,-26,-39,-41,-41,-43,-47,-44,-37,-34,-33,-34,-35,-44,-41,-34,-36,-37,-36,-39,-46,-60,-44,-37,-28,-31,-35,-42,-37,-30,-30,-31,-30,-33,-38,-34,-27,-27,-26,-25,-27,-35,-30,-23,-23,-26,-26,-28,-32,-29,-28,-24,-23,-23,-26,-31,-27,-19,-18,-17,-16,-21,-30,-24,-26,-18,-17,-17,-21,-28,-22,-10,-7,-9,-10,-15,-21,-15,-10,-10,-9,-10,-14,-19,-13,-9,-8,-9,-8,-12,-17,-16,-10,-9,-8,-8,-13,-19,-14,-8,-5,-2,0,-7,-35,-22,-7,-8,-10,-10,-15,-22,-17,-14,-13,-13,-14,-18,-24,-20,-14,-14,-13,-14,-18,-24,-20,-13,-13,-13,-13,-15,-20,-17,-8,-12,-13,-13,-17,-20,-17,-14,-14,-14,-15,-17,-21,-18,-16,-17,-16,-17,-19,-22,-20,-19,-17,-17,-17,-19,-21,-17,-16,-12,-12,-10,-13,-18,-13,-17,-17,-16,-15,-16,-18,-16,-14,-13,-14,-15,-16,-18,-16,-15,-16,-16,-17,-17,-21,-18,-17,-16,-14,-12,-14,-18,-16,-15,-15,-15,-15,-17,-20,-18,-17,-17,-16,-17,-18,-21,-20,-19,-18,-17,-18,-19,-22,-22,-29,-35,-22,-17,-17,-22,-25,-20,-14,-22,-22,-22,-26,-25,-24,-22,-17,-23,-23,-27,-26,-36,-36,-35,-37,-38,-43,-43,-33,-31,-24,-81,-49,-47,-42,-33,-30,-30,-28,-31,-34,-34,-28,-28,-27,-33,-32,-35,-35,-28,-27,-23,-21,-24,-26,-23,-12,-10,-6,-23,-86,-37,-33,-22,-23,-18,-14,-47,-30,-30,-19,-22,-25,-26,-28,-32,-33,-26,-26,-26,-29,-30,-32,-30,-26,-35,-30,-29,-30,-32,-35,-31,-35,-27,-28,-27,-28,-25,-22,-22,-21,-23,-25,-26,-32,-25,-23,-23,-21,-23,-23,-47,-30,-36,-24,-26,-24,-24,-23,-21,-19,-17,-20,-19,-20,-17,-15,-15,-11,-16,-17,-18,-13,-16,-16,-13,-14,-15,-16,-16,-7,-9,2,-2,-8,-10,-6,-9,-7,-15,-8,-12,-13,-6,-8,-7,-5,-3,-7,-10,-30,-6,-6,-3,-6,-10,-11,-6,-8,-8,-6,-9,-12,-15,-12,-9,-7,-8,-9,-13,-14,-9,-9,-11,-12,-9,-9,-11,-6,-8,-5,-5,-7,-10,-9,-6,-8,-7,-7,-7,-9,-11,-6,-7,-8,-5,-6,-9,-13,-6,-6,-4,-4,-3,-6,-12,-5,-13,0,-3,-1,-5,-11,-4,-3,-2,-2,-3,-7,-12,-5,-3,-2,-2
36,New York,"20,201,249",3,3,7,7,-2,3,2,-1,8,9,3,-1,4,-1,1,7,10,6,4,7,8,-1,10,10,7,1,3,1,-6,-9,-14,-15,-31,-33,-39,-40,-46,-54,-62,-53,-56,-52,-54,-61,-62,-55,-55,-52,-54,-57,-58,-59,-53,-60,-62,-65,-65,-62,-75,-70,-60,-59,-61,-62,-65,-62,-59,-63,-60,-60,-63,-57,-66,-59,-54,-56,-58,-55,-51,-50,-51,-49,-54,-50,-55,-53,-50,-55,-50,-48,-49,-50,-47,-47,-47,-44,-43,-42,-45,-50,-43,-49,-43,-41,-44,-47,-44,-43,-40,-43,-43,-40,-44,-42,-37,-36,-36,-35,-38,-37,-35,-34,-32,-31,-31,-31,-33,-33,-34,-31,-28,-27,-27,-31,-34,-30,-25,-23,-22,-17,-25,-44,-31,-26,-24,-25,-23,-37,-29,-23,-23,-21,-20,-22,-26,-26,-25,-23,-22,-23,-21,-27,-24,-23,-22,-22,-21,-21,-24,-24,-23,-18,-32,-16,-18,-25,-22,-20,-20,-20,-22,-22,-24,-24,-28,-21,-21,-22,-18,-23,-24,-21,-21,-22,-18,-23,-24,-26,-17,-20,-19,-21,-18,-20,-21,-17,-23,-21,-20,-24,-23,-19,-21,-21,-20,-21,-21,-22,-17,-18,-21,-21,-20,-21,-22,-19,-19,-22,-26,-22,-19,-24,-18,-20,-23,-23,-25,-22,-25,-21,-21,-31,-29,-22,-23,-33,-19,-20,-26,-26,-24,-24,-25,-20,-22,-28,-24,-25,-31,-27,-22,-28,-28,-22,-27,-25,-26,-20,-20,-25,-23,-25,-30,-30,-23,-28,-28,-29,-29,-27,-28,-24,-27,-27,-22,-14,-70,-34,-30,-27,-37,-27,-30,-27,-32,-32,-26,-29,-30,-31,-28,-29,-27,-23,-32,-23,-33,-56,-35,-28,-28,-20,-16,-9,-22,-83,-42,-34,-27,-27,-23,-22,-59,-34,-43,-32,-32,-33,-34,-37,-34,-33,-35,-34,-35,-35,-38,-36,-35,-33,-38,-38,-36,-37,-36,-37,-36,-44,-36,-37,-42,-34,-32,-67,-55,-38,-33,-37,-31,-52,-37,-39,-32,-34,-34,-29,-28,-34,-39,-29,-49,-43,-32,-30,-41,-32,-27,-29,-30,-29,-30,-31,-31,-25,-29,-31,-26,-25,-29,-25,-24,-23,-25,-20,-23,-28,-27,-21,-29,-25,-16,-13,-21,-21,-25,-19,-25,-17,-29,-21,-17,-21,-20,-24,-18,-38,-19,-19,-16,-16,-23,-16,-24,-26,-19,-18,-28,-25,-17,-14,-20,-17,-25,-23,-21,-15,-19,-20,-19,-16,-22,-21,-14,-12,-20,-16,-21,-14,-18,-14,-11,-20,-17,-14,-13,-17,-12,-10,-15,-13,-11,-11,-16,-13,-9,-15,-13,-13,-9,-19,-21,-19,-15,-13,-11,-14,-17,-10,-7,-12,-15,-9,-8,-14,-11,-7,-14,-9,-7
37,North Carolina,"10,439,388",1,6,3,5,1,2,-10,-8,3,3,-1,5,9,11,12,13,14,10,13,9,6,6,9,9,8,7,8,9,5,-1,-8,-4,-13,-22,-23,-25,-32,-39,-32,-31,-28,-35,-35,-40,-40,-34,-40,-38,-37,-34,-41,-43,-36,-36,-36,-35,-36,-40,-61,-39,-33,-28,-29,-31,-36,-38,-34,-29,-29,-36,-31,-37,-35,-25,-24,-25,-29,-23,-27,-27,-20,-22,-24,-22,-25,-22,-23,-21,-20,-22,-22,-22,-25,-24,-21,-25,-27,-25,-19,-19,-19,-19,-13,-20,-15,-18,-16,-15,-8,-9,-8,-10,-12,-15,-13,-9,-9,-10,-11,-11,-13,-12,-13,-16,-11,-11,-12,-13,-12,-10,-9,-9,-10,-12,-16,-15,-8,-7,-5,0,-6,-31,-19,-6,-10,-10,-10,-12,-14,-13,-9,-8,-9,-10,-12,-16,-13,-11,-10,-10,-13,-12,-14,-13,-9,-10,-11,-10,-9,-13,-11,-10,-10,-10,-12,-12,-14,-13,-10,-10,-11,-12,-12,-16,-12,-12,-12,-14,-14,-15,-15,-14,-15,-13,-13,-14,-14,-16,-13,-15,-10,-12,-9,-9,-12,-9,-12,-12,-14,-14,-15,-15,-13,-13,-10,-12,-21,-12,-11,-10,-11,-11,-13,-15,-17,-13,-13,-12,-16,-10,-10,-9,-10,-11,-11,-12,-13,-13,-13,-17,-21,-15,-12,-11,-11,-12,-10,-11,-11,-12,-12,-12,-11,-12,-18,-12,-12,-14,-13,-7,-11,-15,-12,-7,-15,-14,-13,-12,-11,-14,-12,-13,-25,-13,-13,-14,-14,-14,-15,-15,-14,-13,-13,-9,-5,3,-71,-23,-20,-18,-14,-13,-15,-13,-16,-13,-14,-17,-15,-16,-15,-15,-15,-14,-18,-11,-23,-13,-13,-13,-16,-2,1,9,-15,-87,-30,-23,-12,-11,-9,-5,-44,-21,-21,-13,-16,-19,-17,-33,-23,-21,-21,-20,-21,-22,-24,-23,-23,-20,-22,-24,-24,-22,-21,-24,-27,-23,-22,-26,-20,-18,-34,-21,-21,-18,-20,-20,-18,-28,-22,-19,-19,-22,-21,-22,-18,-21,-17,-14,-37,-22,-17,-18,-23,-15,-13,-14,-19,-12,-12,-16,-14,-10,-12,-13,-11,-10,-13,-12,-10,-10,-10,-8,-5,-9,-13,0,-13,-9,-4,-2,-5,-7,-6,-9,-7,-8,-6,-3,-2,-6,1,-3,-5,-24,0,0,0,-2,-5,-6,0,-4,-4,-4,-5,-6,-5,-1,-5,-4,-5,-7,-7,-13,-2,-5,-4,-4,-5,-3,-3,-1,-6,-5,-1,-3,-5,0,2,-6,-6,-15,-8,-8,-7,-5,-4,-4,-2,-3,-4,-6,-3,-4,-2,-1,0,-1,-6,-1,-7,0,-3,-4,-3,-4,-3,-3,-1,-2,-4,-4,-6,-2,-2,-1,-1
38,North Dakota,"779,094",4,7,9,9,-2,0,4,4,12,11,1,1,7,8,8,12,12,6,6,7,6,7,15,10,5,5,8,9,3,-2,-8,-4,-10,-19,-30,-40,-52,-49,-37,-41,-39,-38,-40,-48,-44,-37,-40,-41,-55,-49,-53,-50,-40,-40,-42,-40,-40,-48,-69,-44,-44,-33,-35,-38,-43,-38,-34,-34,-32,-33,-35,-39,-33,-26,-29,-26,-24,-22,-27,-20,-18,-16,-15,-16,-19,-26,-11,-14,-16,-13,-12,-14,-20,-8,-3,-5,-4,-3,-10,-20,-10,-15,-6,-1,-2,-9,-16,-5,3,0,2,1,-7,-17,-4,3,0,4,4,-5,-13,-3,5,4,5,6,-3,-12,3,4,4,6,5,-2,-12,0,7,5,16,15,-6,-39,-14,5,2,7,6,-5,-12,0,5,4,6,5,-9,-11,0,3,1,5,2,-7,-15,-2,4,0,5,3,-4,-11,-1,6,1,3,3,-5,-13,-4,6,1,4,2,-5,-10,-1,4,0,2,3,-4,-10,-1,3,-1,1,0,-4,-12,-3,2,0,-1,3,-5,-17,-4,-12,-5,-5,-3,-8,-9,-4,-1,-2,-3,-1,-5,-9,-3,-2,-6,-7,-5,-8,-12,-7,-6,-9,-7,-3,-8,-12,-5,-5,-9,-8,-7,-8,-12,-8,-7,-10,-8,-6,-9,-16,-12,-9,-16,-7,-17,-13,-19,-16,-11,-14,-11,-10,-11,-16,-14,-10,-8,-15,-12,-17,-23,-19,-17,-16,-13,-18,-19,-24,-21,-18,-19,-17,-18,-19,-23,-21,-13,-13,1,-82,-18,-28,-23,-13,-14,-14,-12,-14,-15,-15,-12,-14,-13,-12,-14,-16,-19,-11,-11,-9,-7,-9,-12,-11,1,6,-13,-24,-90,-30,-26,-7,-20,-10,4,-38,-22,-18,-7,-13,-13,-13,-15,-16,-11,-12,-15,-14,-24,-23,-18,-15,-17,-21,-17,-17,-18,-21,-20,-20,-22,-20,-17,-16,-18,-14,-14,-16,-16,-19,-19,-25,-30,-22,-20,-17,-18,-16,-18,-8,-12,-20,-18,-14,-13,-14,-9,-11,-19,-13,-9,-9,-13,-6,-10,-9,-7,-5,-6,-6,0,-8,-10,-10,-7,-5,-2,0,-6,-8,5,3,-1,-1,5,-1,-5,-3,-1,-4,-3,2,-5,-9,1,6,2,-9,-37,4,-4,-3,-1,-4,-3,1,-9,-15,-6,-2,-2,-1,-2,-3,-6,-3,-1,-5,-3,-5,-4,-4,-2,0,-2,-5,1,2,0,0,0,-1,-5,15,0,-1,1,4,2,-4,8,7,1,2,5,1,-7,-2,7,2,5,9,4,-10,6,-4,7,8,12,3,-9,8,11,4,10,10,5,-9,6,12,9,9
39,Ohio,"11,799,448",4,5,6,5,0,3,2,2,9,7,2,4,6,2,4,11,17,7,12,12,11,2,13,15,9,5,8,9,-1,-12,-9,-16,-25,-29,-32,-35,-44,-38,-33,-51,-43,-42,-46,-50,-43,-41,-41,-37,-37,-38,-43,-46,-37,-41,-36,-39,-41,-41,-65,-43,-38,-31,-33,-43,-38,-38,-30,-33,-32,-35,-34,-34,-40,-25,-26,-28,-29,-28,-28,-26,-20,-24,-23,-24,-32,-29,-27,-30,-21,-18,-24,-25,-22,-20,-21,-18,-14,-12,-16,-18,-10,-19,-8,-6,-7,-16,-13,-8,-3,-4,-3,-7,-11,-12,-5,-3,-4,-5,-1,-8,-10,-4,-3,-1,0,-2,-8,-10,-6,-6,-4,-1,-2,-10,-12,-6,-2,1,6,9,-3,-35,-13,-2,-3,-1,-4,-11,-12,-8,-3,-2,-1,-5,-11,-15,-11,-5,-5,-5,-6,-11,-14,-9,-9,-3,-3,-7,-9,-14,-10,-4,-4,-2,-4,-10,-11,-6,-6,-6,-4,-6,-11,-12,-10,-6,-6,-3,-4,-10,-12,-7,-8,-7,-6,-8,-15,-11,-6,-7,-4,-5,-3,-7,-10,-6,-20,-8,-7,-8,-12,-10,-11,-8,-6,-5,-6,-9,-7,-4,-7,-7,-6,-7,-10,-9,-7,-13,-8,-7,-5,-9,-8,-11,-9,-9,-8,-9,-11,-11,-11,-11,-10,-8,-12,-11,-10,-15,-17,-14,-11,-10,-14,-15,-13,-14,-13,-10,-15,-12,-15,-16,-13,-4,-13,-14,-15,-13,-10,-13,-11,-9,-14,-17,-16,-22,-15,-18,-15,-16,-19,-21,-23,-13,-9,-1,-76,-25,-24,-20,-21,-28,-16,-15,-19,-18,-19,-18,-17,-15,-15,-17,-16,-16,-16,-13,-19,-16,-16,-16,-12,-4,1,12,-15,-89,-34,-26,-13,-11,-7,-2,-51,-21,-23,-14,-18,-18,-20,-23,-17,-18,-20,-21,-18,-19,-24,-22,-26,-21,-22,-23,-21,-24,-20,-26,-27,-25,-22,-25,-23,-18,-37,-29,-23,-17,-21,-25,-19,-26,-24,-29,-25,-23,-20,-15,-10,-39,-47,-22,-29,-23,-18,-19,-21,-15,-12,-13,-16,-10,-13,-13,-11,-6,-12,-14,-9,-8,-12,-9,-7,-12,-12,-4,-3,-11,-6,7,-8,-6,0,5,-1,-2,1,-5,-9,-2,-6,-2,0,0,-2,-2,-3,-34,0,1,6,-1,-5,-3,-1,-4,0,1,-4,-8,-4,1,-3,-4,-9,-6,-8,-5,-1,-2,0,-1,-7,-4,-1,4,-3,-2,1,-2,-6,2,-6,-2,-2,2,1,-4,-1,4,-2,2,4,3,-4,-3,4,1,3,3,6,-5,-5,2,-9,2,0,2,-2,-4,3,1,2,3,3,-4,-4,3,4,4,7
40,Oklahoma,"3,959,353",1,4,5,3,0,5,2,3,3,0,0,4,15,15,15,14,19,10,17,14,14,9,10,7,7,10,15,15,3,-5,-5,-2,-10,-12,-20,-26,-35,-38,-28,-25,-21,-29,-34,-37,-36,-37,-29,-22,-30,-37,-46,-41,-33,-31,-27,-29,-30,-38,-54,-34,-33,-15,-20,-30,-30,-31,-20,-21,-28,-17,-24,-25,-22,-17,-20,-9,-10,-10,-16,-14,-7,-4,-3,-8,-10,-10,-7,-11,-12,-4,-5,-15,-13,-5,-1,0,4,-1,-6,-11,-5,-17,-4,0,0,-3,-7,-1,3,2,8,3,-2,-7,-1,0,1,7,3,-3,-7,-2,1,1,5,3,-6,-6,-4,-1,0,4,1,-5,-10,-5,-1,5,9,10,2,-27,-12,0,-1,2,-2,-8,-13,-6,-4,-3,1,-3,-7,-12,-8,-4,-4,0,-3,-8,-12,-8,-7,-5,-2,-3,-3,-8,-6,0,-1,2,-4,-6,-10,-5,-4,-4,1,-4,-7,-10,-8,-6,-5,-1,-4,-7,-11,-8,-7,-6,-3,-5,-7,-11,-8,-9,-3,-1,1,-4,-10,-5,-13,-6,-7,-7,-10,-12,-9,-7,-5,-3,-6,-8,-10,-7,-8,-11,-4,-6,-7,-11,-9,-7,-6,-1,0,-5,-8,-5,-6,-7,-4,-7,-9,-13,-8,-9,-8,-3,-5,-10,-12,-14,-12,-10,-5,-6,-12,-14,-12,-23,-25,-8,-2,-2,-7,-5,-5,4,-4,-6,-10,-11,-9,-10,-9,-3,-9,-13,-13,-11,-11,-10,-6,-10,-12,-18,-15,-8,-8,11,-75,-18,-23,-19,-11,-6,-12,-11,-12,-13,-12,-11,-10,-6,-7,-13,-12,-39,-15,-19,-7,-6,-9,-12,-6,2,5,16,-4,-82,-22,-18,-9,-11,-7,2,-45,-20,-14,-5,-6,-10,-14,-16,-16,-16,-14,-13,-11,-15,-19,-18,-16,-16,-16,-14,-15,-17,-19,-20,-16,-12,-11,-13,-14,-15,-13,-10,-10,-4,-11,-12,-17,-22,-32,-27,-39,-23,-22,-24,-67,-63,-44,-55,-28,-20,-15,-11,-4,-2,1,-4,-8,-8,-6,-2,-2,6,-1,-8,-5,-1,-4,-3,3,-3,-7,0,3,8,9,16,8,2,3,10,-2,5,9,5,3,4,11,6,7,13,12,6,3,-16,6,5,12,8,-1,3,9,2,4,6,3,-4,-2,5,3,-2,6,0,-7,-1,5,2,0,1,4,3,1,5,3,4,11,6,2,4,9,1,-3,7,6,1,0,-2,3,3,7,5,0,-4,0,1,3,10,-2,6,-1,7,-12,8,11,11,3,-2,4,4,6,11,8,1,-2,3,6,7,11
41,Oregon,"4,237,256",2,2,14,10,4,5,4,4,6,10,5,8,11,10,8,7,17,8,10,10,7,1,5,10,6,8,8,4,-4,-18,-11,-5,-22,-25,-28,-32,-40,-37,-38,-47,-45,-46,-50,-55,-51,-44,-41,-39,-42,-44,-51,-46,-40,-39,-38,-39,-41,-45,-56,-38,-36,-32,-34,-38,-45,-38,-31,-35,-38,-37,-40,-43,-36,-32,-31,-31,-31,-32,-41,-33,-27,-25,-28,-28,-31,-33,-25,-30,-31,-30,-33,-30,-36,-28,-26,-24,-23,-24,-25,-28,-19,-25,-20,-17,-18,-23,-32,-20,-11,-13,-12,-15,-19,-25,-19,-14,-16,-11,-14,-20,-22,-14,-13,-13,-9,-11,-15,-21,-9,-8,-8,-8,-9,-15,-19,-11,-7,-6,-3,-2,-9,-36,-15,-7,-9,-7,-10,-14,-19,-9,-6,-8,-6,-10,-15,-18,-8,-6,-7,-7,-9,-14,-17,-9,-7,-9,-8,-10,-12,-15,-7,-3,-6,-6,-10,-14,-18,-8,-7,-8,-8,-10,-14,-21,-12,-8,-10,-9,-9,-15,-18,-9,-8,-9,-8,-11,-15,-18,-9,-8,-6,-7,-7,-13,-17,-6,-11,-12,-14,-18,-27,-32,-28,-19,-18,-17,-19,-21,-20,-11,-14,-15,-16,-16,-21,-18,-10,-13,-15,-11,-10,-15,-16,-9,-11,-13,-14,-15,-16,-20,-15,-15,-17,-13,-14,-17,-17,-12,-15,-15,-13,-16,-18,-18,-11,-14,-15,-13,-15,-16,-16,-12,-14,-16,-17,-20,-21,-21,-14,-17,-18,-12,-20,-24,-26,-18,-18,-19,-28,-30,-30,-32,-27,-22,-20,-10,-74,-33,-35,-27,-24,-21,-22,-24,-27,-27,-24,-23,-24,-22,-26,-29,-26,-26,-21,-22,-22,-22,-25,-26,-22,-12,-9,-1,-19,-85,-38,-28,-19,-21,-20,-12,-47,-35,-26,-23,-24,-27,-27,-30,-30,-25,-27,-30,-24,-28,-32,-30,-26,-22,-28,-29,-30,-32,-30,-33,-29,-34,-29,-30,-30,-30,-26,-25,-26,-23,-26,-28,-28,-29,-26,-24,-19,-31,-50,-52,-37,-28,-20,-18,-24,-26,-22,-20,-22,-21,-16,-22,-23,-19,-10,-13,-15,-11,-17,-22,-17,-12,-17,-17,-13,-15,-16,-13,-12,-12,-11,-2,-12,-14,-13,-4,-7,-6,-7,-9,-12,-11,-7,-9,-8,-2,-4,-9,-8,-21,-2,-4,-3,-6,-9,-11,1,-6,-7,-3,-6,-10,-10,1,-6,-4,-3,-8,-13,-15,-5,-9,-8,-4,-6,-14,-14,-5,-7,-7,-4,-11,-12,-10,2,-6,-6,-3,-7,-10,-10,0,-6,-7,-4,-9,-12,-11,-4,-8,-7,0,-5,-6,-9,4,-2,0,1,-1,-6,-9,0,-1,-2,2,-2,-8,-9,-2,0,-1,5
42,Pennsylvania,"13,002,700",3,5,9,8,1,1,1,0,9,11,3,4,7,3,4,9,16,8,9,9,9,1,10,15,9,6,7,8,1,-7,-8,-6,-28,-33,-35,-39,-48,-47,-50,-45,-49,-44,-46,-58,-50,-45,-45,-43,-45,-46,-53,-50,-43,-44,-44,-46,-49,-47,-70,-53,-43,-38,-42,-47,-49,-45,-41,-44,-41,-43,-47,-43,-51,-38,-35,-35,-42,-37,-37,-34,-31,-30,-37,-32,-40,-37,-30,-38,-31,-29,-31,-33,-34,-31,-26,-24,-25,-24,-32,-34,-27,-34,-24,-23,-26,-30,-29,-24,-21,-18,-23,-22,-24,-25,-17,-14,-14,-16,-16,-19,-20,-14,-12,-10,-12,-13,-18,-19,-14,-14,-11,-10,-11,-15,-18,-10,-7,-3,-2,1,-8,-39,-17,-11,-6,-8,-8,-22,-17,-11,-8,-5,-6,-9,-16,-19,-13,-10,-8,-11,-10,-16,-17,-10,-9,-7,-7,-8,-13,-16,-10,-6,-15,-4,-8,-17,-15,-9,-8,-7,-9,-10,-14,-16,-10,-9,-7,-7,-7,-14,-16,-10,-10,-9,-8,-11,-18,-15,-6,-11,-7,-10,-9,-11,-14,-7,-15,-11,-12,-14,-16,-13,-11,-12,-8,-10,-9,-12,-10,-7,-10,-9,-10,-12,-14,-14,-10,-12,-14,-10,-9,-13,-11,-8,-13,-11,-12,-12,-15,-13,-13,-16,-14,-11,-12,-18,-11,-11,-16,-14,-12,-13,-16,-14,-13,-17,-14,-14,-20,-16,-16,-19,-16,-4,-16,-15,-17,-14,-11,-16,-13,-16,-18,-19,-15,-19,-17,-19,-17,-18,-20,-19,-19,-15,-9,-1,-75,-24,-25,-20,-23,-21,-20,-17,-24,-21,-18,-20,-19,-21,-18,-18,-25,-22,-26,-10,-42,-49,-29,-24,-23,-11,-7,4,-18,-90,-41,-33,-19,-19,-13,-14,-63,-30,-41,-20,-20,-23,-24,-27,-23,-22,-24,-23,-25,-26,-30,-27,-26,-23,-26,-30,-27,-28,-25,-26,-27,-36,-24,-27,-28,-19,-37,-65,-47,-25,-21,-26,-17,-42,-25,-29,-20,-28,-22,-19,-18,-28,-28,-17,-54,-35,-20,-18,-38,-19,-14,-17,-20,-16,-21,-19,-17,-13,-17,-20,-15,-11,-18,-13,-11,-13,-15,-8,-7,-14,-13,-4,-16,-12,-5,1,-8,-7,-13,-9,-13,-6,-12,-7,-2,-6,-3,-7,-7,-40,-4,-4,-3,-4,-12,-6,-7,-11,-6,-7,-10,-14,-9,-2,-9,-4,-11,-10,-11,-7,-3,-8,-5,-4,-9,-11,-6,1,-8,-3,-5,-4,-10,-3,0,-8,-6,-3,-3,-8,-5,0,-3,1,-1,-2,-8,-8,1,-7,-2,-4,1,-9,-10,-2,-10,-2,-1,-3,-6,-6,3,-1,-1,1,1,-8,-7,0,-2,2,3
44,Rhode Island,"1,097,379",3,1,9,13,0,4,4,2,8,12,7,4,8,7,8,7,13,9,9,9,8,4,5,11,13,8,7,6,-1,-9,-13,-8,-31,-28,-36,-32,-39,-42,-42,-40,-43,-38,-39,-46,-55,-45,-41,-41,-44,-49,-50,-50,-39,-40,-46,-49,-44,-45,-63,-56,-35,-36,-37,-39,-54,-38,-37,-43,-38,-37,-45,-38,-48,-41,-32,-31,-39,-35,-33,-27,-26,-23,-30,-30,-35,-35,-26,-33,-26,-25,-23,-27,-26,-24,-23,-19,-17,-17,-18,-32,-13,-18,-17,-13,-18,-22,-19,-10,-6,-11,-10,-7,-15,-17,-7,-3,-3,-4,-14,-8,-9,-1,-2,1,-1,-1,-5,-6,-2,-2,1,-2,0,-6,-15,-4,-2,0,2,13,4,-26,-7,5,2,1,1,-9,-10,0,1,-1,2,3,-9,-8,-3,0,3,0,-1,-5,-8,-3,1,-2,2,-1,-4,-7,-3,5,-6,5,0,-8,-12,-6,-1,-4,-3,-4,-8,-13,-15,-2,-3,-4,-2,-8,-12,-5,-5,-3,-2,-10,-7,-17,-2,-2,0,-10,-2,-4,-8,0,4,-4,-7,-8,-9,-7,-6,-3,-4,-6,-5,-9,-7,-5,-5,-7,-8,-8,-9,-8,-11,-8,-8,-10,-5,-12,-9,-7,-12,-10,-13,-9,-13,-12,-9,-14,-22,-11,-11,-18,-13,-12,-12,-16,-13,-10,-15,-14,-13,-16,-13,-17,-20,-27,-19,-21,-16,-9,-19,-17,-18,-16,-13,-15,-14,-11,-22,-25,-21,-21,-19,-19,-20,-20,-21,-20,-22,-21,-10,1,-80,-29,-27,-22,-30,-17,-22,-19,-22,-44,-23,-21,-21,-22,-21,-23,-29,-17,-20,-10,-10,-66,-28,-22,-21,-6,-3,6,-6,-88,-35,-28,-15,-15,-12,-4,-48,-29,-31,-23,-23,-24,-25,-27,-26,-24,-24,-22,-25,-26,-28,-32,-26,-21,-26,-29,-28,-28,-28,-31,-26,-31,-32,-28,-33,-29,-23,-46,-37,-24,-24,-27,-21,-51,-29,-35,-23,-23,-24,-20,-20,-23,-26,-19,-29,-40,-25,-23,-27,-20,-19,-19,-21,-25,-18,-19,-22,-15,-19,-22,-18,-17,-19,-15,-16,-14,-15,-13,-16,-19,-15,-9,-17,-15,-10,-5,-9,-8,-11,-9,-15,-7,-20,-10,-7,-8,-8,-9,-6,-36,-10,-8,-7,-6,-9,-5,-10,-11,-7,-7,-13,-23,-12,-5,-2,1,-9,-9,-10,-6,-18,-7,-6,-6,-11,-10,-4,0,-3,-7,-9,-2,-7,-3,7,-7,-1,-3,-2,-6,-4,1,-1,1,0,1,-5,-3,5,0,1,0,2,-5,-14,-8,1,0,-1,-1,-6,-2,5,5,4,2,4,-2,-4,5,-7,3,4
45,South Carolina,"5,118,425",1,7,3,6,-1,1,-7,2,5,5,-1,6,10,13,12,15,16,10,10,7,2,9,11,12,9,9,10,11,8,4,2,-1,-8,-19,-22,-25,-32,-39,-34,-36,-30,-31,-32,-35,-38,-30,-32,-30,-33,-32,-40,-42,-33,-36,-41,-38,-37,-41,-64,-36,-29,-25,-26,-30,-34,-41,-30,-25,-25,-34,-29,-32,-30,-20,-19,-21,-21,-19,-23,-22,-14,-14,-14,-15,-19,-15,-17,-13,-11,-12,-13,-13,-14,-12,-10,-9,-13,-7,-9,-9,-7,-13,-6,-11,-6,-10,-10,-9,0,1,2,-2,-5,-8,-4,-2,0,-3,-3,-6,-6,-4,-1,-2,-2,-2,-4,-4,-4,-3,-2,-3,-3,-7,-9,-7,-1,0,2,6,1,-27,-12,-4,-6,-5,-5,-9,-11,-10,-6,-3,-4,-6,-9,-12,-10,-7,-5,-5,-6,-11,-11,-8,-5,-5,-6,-6,-6,-10,-7,-11,-5,-7,-8,-9,-10,-8,-7,-6,-7,-8,-9,-12,-7,-7,-8,-8,-8,-11,-11,-11,-12,-8,-9,-9,-10,-10,-8,-8,-5,-7,-4,-5,-6,0,-8,-7,-10,-10,-11,-10,-8,-8,-6,-9,-18,-9,-8,-5,-7,-6,-8,-9,-11,-9,-8,-11,-11,-5,-3,-4,-5,-4,-6,-6,-8,-7,-8,-12,-11,-9,-7,-7,-8,-8,-8,-7,-9,-9,-8,-8,-8,-9,-11,-10,-8,-9,-9,-5,-10,-10,-7,-1,-12,-11,-11,-10,-9,-11,-9,-11,-17,-10,-10,-10,-11,-9,-10,-11,-11,-10,-8,-4,2,10,-71,-17,-17,-13,-9,-7,-9,-8,-11,-10,-10,-11,-10,-10,-10,-11,-10,-8,-10,-7,-13,-8,-9,-10,-8,2,7,15,-9,-84,-24,-16,-5,-4,-1,2,-42,-17,-13,-8,-10,-14,-16,-23,-16,-16,-16,-15,-18,-18,-20,-19,-18,-15,-17,-19,-20,-19,-17,-19,-20,-18,-20,-17,-16,-14,-20,-14,-12,-11,-14,-16,-16,-20,-16,-14,-13,-14,-15,-15,-13,-15,-11,-12,-21,-15,-10,-10,-15,-8,-7,-7,-10,-5,-2,-7,-7,-4,-3,-5,-4,-1,-5,-3,-3,-3,-3,3,7,2,-1,8,-5,2,6,7,4,4,3,0,0,4,6,6,7,4,11,10,8,-14,12,13,13,10,4,2,11,5,6,5,4,2,4,10,4,5,4,3,1,-8,8,3,5,4,4,4,6,9,2,4,9,6,6,10,13,4,4,-6,4,3,3,8,5,5,6,5,3,2,8,5,7,8,9,7,5,14,0,9,7,8,5,3,8,6,9,9,9,5,2,10,9,11,11
46,South Dakota,"886,667",4,7,15,3,-5,-5,1,4,7,13,-5,-9,6,7,12,14,19,6,8,8,5,10,13,18,6,9,7,3,1,-21,-8,-7,-8,-14,-29,-26,-33,-31,-23,-28,-35,-37,-36,-49,-35,-31,-32,-32,-50,-41,-45,-38,-32,-31,-37,-38,-33,-47,-73,-41,-40,-32,-33,-32,-37,-34,-28,-27,-25,-29,-29,-35,-20,-19,-24,-20,-17,-17,-24,-11,-17,-14,-15,-18,-14,-21,-6,-15,-16,-15,-12,-12,-19,-5,-4,-4,-5,-4,-4,-13,6,-6,-3,-2,-2,-4,-11,6,5,5,3,2,0,-10,9,6,1,8,6,2,-4,13,11,11,9,8,6,-2,15,11,11,11,8,7,0,18,15,16,20,25,15,-22,9,16,14,11,11,7,1,18,15,15,13,12,8,-1,18,14,14,13,13,9,2,17,15,11,12,13,11,5,23,23,20,19,20,21,16,41,39,32,30,27,20,10,23,18,14,11,9,8,1,16,11,9,7,7,9,2,15,10,9,7,13,12,4,27,9,5,3,6,3,1,12,6,7,4,5,6,0,12,6,3,1,3,3,-1,9,2,1,1,3,2,-1,11,2,1,0,0,1,-2,7,4,-2,-4,-1,2,-6,0,-5,-5,-6,-12,-4,-18,-25,-8,-7,-5,-4,-1,-7,-2,-6,3,-8,-7,-6,-9,-4,-12,-18,-6,-12,-8,-14,-7,-9,-9,-9,-10,-9,-13,-6,-6,-2,11,-77,-7,-17,-10,-6,-8,-9,-7,-6,-8,-2,-7,-7,-6,-8,-7,-8,-4,-9,-6,-4,-4,-3,-5,3,9,15,-21,-9,-86,-20,-15,6,-26,-1,15,-28,-14,-8,0,-4,-13,-9,-8,-9,2,-6,-7,-7,-25,-26,-15,-4,-10,-13,-10,-11,-9,-24,-12,-15,-15,-12,-12,-8,-13,-2,-9,-10,-7,-17,-11,-17,-25,-17,-14,-11,-18,-13,-16,-8,-12,-17,-16,-13,-9,-7,-6,-8,-7,-6,-5,-2,-4,-5,-4,-2,0,-1,0,1,12,-2,-1,-13,-3,3,6,-4,-23,-3,13,12,12,11,20,6,1,6,6,6,7,20,6,3,7,15,14,2,-21,16,0,5,4,6,10,20,2,2,3,0,2,5,18,-1,2,4,4,4,7,14,5,5,7,8,9,6,20,10,11,9,11,11,9,34,10,11,10,11,10,6,25,14,14,15,18,12,7,25,19,19,17,18,17,9,40,21,23,22,24,18,9,36,27,25,26,25,18,10,35,29,29,28
47,Tennessee,"6,910,840",1,7,6,6,-3,3,-5,0,6,3,-2,8,10,11,9,16,16,8,17,12,11,5,12,13,8,8,8,7,2,-4,-8,-4,-10,-15,-17,-27,-33,-37,-32,-39,-33,-31,-34,-38,-35,-31,-36,-31,-33,-37,-45,-43,-35,-36,-35,-33,-36,-40,-65,-33,-31,-21,-25,-30,-33,-38,-25,-24,-26,-32,-30,-36,-34,-18,-18,-20,-18,-17,-20,-20,-10,-10,-12,-12,-21,-13,-12,-10,-11,-9,-9,-13,-14,-14,-8,-7,-6,-6,-11,-11,-7,-14,-7,-6,-5,-8,-9,-6,1,-1,1,-3,-8,-8,-5,-4,-3,0,0,-5,-6,-4,1,2,1,0,-4,-5,-6,-4,-1,0,-1,-7,-8,-7,-3,1,4,9,1,-28,-14,-1,-1,-2,-4,-9,-11,-11,-3,-2,-2,-5,-9,-11,-9,-5,-4,-4,-6,-10,-11,-9,-4,-4,-4,-6,-6,-6,-3,0,-1,-3,-4,-8,-9,-7,-6,-5,-6,-8,-10,-10,-8,-7,-7,-7,-8,-12,-10,-9,-8,-8,-8,-9,-15,-10,-9,-8,-5,-6,-4,-7,-6,-1,-10,-8,-7,-8,-11,-11,-12,-7,-5,-7,-7,-9,-6,-5,-6,-7,-9,-12,-11,-9,-7,-11,-8,-5,-4,-7,-7,-5,-6,-6,-7,-8,-11,-17,-11,-8,-7,-5,-6,-8,-8,-8,-8,-7,-7,-7,-10,-11,-9,-9,-8,-14,-8,-8,-9,-8,-10,-3,-12,-11,-12,-9,-7,-10,-10,-9,-11,-12,-10,-10,-11,-11,-11,-12,-13,-11,-12,-5,-1,6,-71,-18,-17,-17,-15,-11,-10,-11,-16,-10,-11,-13,-12,-11,-11,-13,-11,-11,-12,-9,-12,-10,-12,-13,-8,1,5,13,-14,-86,-30,-19,-7,-6,0,4,-35,-16,-17,-8,-11,-14,-18,-24,-18,-16,-20,-15,-16,-18,-20,-21,-18,-15,-19,-19,-21,-20,-17,-22,-24,-16,-20,-20,-18,-18,-18,-21,-18,-14,-19,-17,-15,-25,-19,-16,-14,-28,-20,-15,-22,-55,-49,-36,-49,-33,-22,-15,-12,-8,-7,-9,-16,-11,-10,-10,-8,-3,-6,-11,-5,-3,-7,-6,-4,-7,-9,-1,3,1,4,-1,2,-2,6,10,4,1,5,-11,1,-9,6,5,5,1,8,4,3,-18,9,9,9,5,1,2,9,4,3,1,2,-2,0,5,1,3,-1,-1,-5,-6,4,1,3,1,-2,1,3,3,2,-3,6,1,0,4,3,1,3,1,1,-1,1,4,2,3,4,4,0,0,5,3,5,5,5,0,-1,9,-4,5,3,5,0,-1,2,4,4,4,3,-2,-1,5,6,8,8
48,Texas,"29,145,505",1,3,8,6,-1,-2,-1,2,3,4,2,6,10,11,10,10,14,8,12,6,11,6,5,9,6,10,12,11,1,-8,-9,-4,-12,-16,-22,-30,-40,-41,-31,-30,-39,-38,-41,-47,-45,-41,-35,-33,-39,-41,-52,-48,-41,-38,-38,-39,-39,-45,-57,-38,-36,-29,-32,-37,-41,-42,-33,-32,-34,-31,-33,-37,-35,-29,-30,-27,-25,-26,-30,-28,-23,-21,-20,-22,-23,-23,-22,-21,-22,-18,-20,-24,-29,-22,-17,-15,-14,-14,-17,-22,-22,-22,-15,-14,-13,-15,-19,-18,-12,-11,-9,-11,-14,-18,-15,-13,-12,-9,-10,-13,-17,-14,-12,-11,-10,-11,-14,-17,-19,-18,-15,-13,-15,-20,-24,-23,-17,-13,-11,-10,-15,-36,-28,-17,-17,-16,-16,-20,-24,-22,-18,-16,-15,-16,-20,-23,-21,-18,-17,-16,-16,-19,-27,-24,-17,-18,-15,-15,-16,-21,-18,-14,-13,-13,-15,-17,-20,-17,-16,-15,-14,-16,-18,-20,-18,-18,-17,-16,-16,-18,-20,-17,-18,-15,-16,-19,-19,-20,-18,-17,-15,-14,-13,-15,-18,-14,-15,-17,-19,-16,-17,-17,-16,-17,-15,-15,-16,-16,-16,-17,-21,-22,-17,-16,-16,-17,-16,-18,-15,-13,-12,-14,-15,-14,-17,-16,-16,-16,-17,-17,-16,-16,-16,-14,-14,-15,-16,-15,-18,-16,-15,-15,-17,-16,-16,-20,-20,-17,-13,-13,-16,-15,-17,-12,-18,-17,-17,-17,-16,-19,-17,-14,-17,-17,-17,-15,-19,-17,-16,-17,-17,-18,-16,-12,-9,2,-67,-25,-30,-20,-16,-15,-17,-16,-17,-18,-15,-17,-16,-15,-15,-18,-16,-23,-16,-15,-12,-12,-14,-18,-11,-4,-1,6,-11,-78,-27,-22,-14,-13,-11,-16,-41,-23,-20,-14,-15,-21,-21,-22,-21,-39,-23,-21,-19,-21,-22,-22,-19,-17,-23,-24,-23,-22,-23,-25,-22,-19,-18,-20,-19,-19,-15,-19,-18,-16,-18,-20,-18,-22,-21,-19,-19,-29,-24,-28,-56,-70,-53,-56,-46,-30,-21,-14,-11,-11,-10,-15,-15,-14,-12,-16,-11,-8,-10,-14,-12,-8,-13,-11,-9,-9,-11,-9,-7,-4,-3,4,1,-5,-5,0,-10,-4,-5,-5,-7,-7,-2,-6,-4,-1,2,-2,-8,-24,-5,-5,-3,-4,-8,-6,-1,-7,-7,-6,-9,-11,-9,-4,-8,-6,-6,-7,-13,-7,-3,-8,-8,-7,-8,-10,-11,-2,-7,-5,-2,-4,-6,-5,-2,-9,-11,-6,-4,-7,-8,-10,-10,-9,-8,-4,-8,-11,-7,-10,-6,0,0,-5,-7,-2,-9,-4,-2,-5,-7,-9,-4,-8,-4,-2,-3,-7,-10,-4,-5,-4,-1
49,Utah,"3,271,616",2,2,5,18,1,3,4,4,3,11,5,7,10,10,8,5,2,10,10,9,10,7,5,11,8,8,8,10,-2,-13,-6,-7,-18,-26,-30,-33,-40,-33,-31,-33,-34,-36,-38,-46,-41,-36,-34,-34,-37,-38,-49,-42,-37,-35,-33,-34,-37,-42,-54,-38,-32,-31,-34,-35,-38,-33,-27,-28,-27,-31,-31,-35,-26,-24,-24,-23,-24,-26,-30,-21,-16,-15,-17,-17,-20,-22,-13,-17,-18,-16,-17,-20,-25,-13,-11,-12,-10,-8,-15,-22,-7,-5,-11,-7,-7,-14,-22,-10,-6,-8,-6,-8,-13,-22,-14,-9,-7,-5,-7,-13,-20,-4,-5,-7,-5,-5,-9,-17,-6,-5,-6,-4,-6,-13,-20,-8,-5,-4,-1,1,-7,-39,-12,-3,-6,-5,-7,-13,-21,-7,-6,-7,-5,-7,-13,-20,-6,-6,-7,-5,-4,-18,-23,-7,-6,-7,-5,-6,-12,-19,-5,-4,-6,-4,-5,-11,-17,-4,-5,-7,-5,-7,-12,-18,-6,-6,-8,-7,-7,-12,-17,-5,-6,-9,-8,-9,-11,-15,-5,-7,-8,-7,-6,-8,-17,-3,-3,-11,-6,-7,-10,-14,-3,-8,-8,-8,-8,-10,-14,0,-9,-10,-10,-10,-11,-14,-3,-10,-11,-8,-8,-10,-18,-5,-9,-11,-10,-10,-11,-14,-5,-9,-12,-8,-6,-11,-17,-5,-10,-11,-9,-10,-12,-15,-11,-11,-12,-10,-9,-11,-22,-9,-13,-12,-15,-14,-14,-19,-18,-18,-17,-15,-17,-20,-22,-15,-17,-18,-16,-17,-17,-20,-11,-11,-7,5,-77,-20,-25,-14,-13,-15,-14,-15,-16,-18,-11,-13,-14,-13,-13,-15,-19,-10,-14,-10,-7,-14,-12,-14,-3,6,3,14,-12,-85,-29,-14,-8,-7,-1,-3,-36,-22,-19,-14,-16,-16,-18,-19,-19,-13,-17,-19,-18,-19,-19,-21,-13,-10,-21,-19,-19,-20,-26,-20,-21,-23,-20,-19,-20,-19,-12,-18,-18,-19,-18,-21,-17,-18,-18,-18,-15,-14,-15,-19,-4,-11,-24,-24,-16,-17,-16,-9,-14,-15,-13,-13,-14,-16,-7,-12,-12,-9,-11,-10,-12,0,-10,-12,-9,-11,-10,-12,2,-4,-4,0,-3,-3,-10,5,-4,-4,-1,-6,-5,-6,9,-2,-2,3,2,-2,-13,-18,-1,-4,1,0,-4,-7,8,-2,-6,-5,-5,-6,-6,6,-5,-2,-3,-1,-4,-7,4,-7,-5,0,0,-1,-6,8,0,0,4,2,-1,0,12,-2,-3,1,1,-3,-6,6,0,0,2,2,-3,-6,5,3,3,8,8,2,-8,11,7,5,7,7,-1,-7,10,6,5,6,5,-2,-9,8,5,4,7
50,Vermont,"643,077",3,10,22,19,-5,6,7,4,9,12,8,4,6,-5,3,6,15,10,16,3,6,3,10,13,9,1,3,3,-3,-6,-8,-5,-24,-30,-37,-41,-46,-47,-44,-46,-39,-53,-53,-59,-62,-51,-47,-47,-54,-54,-58,-58,-46,-48,-50,-55,-55,-54,-75,-53,-48,-42,-47,-50,-54,-48,-40,-46,-46,-42,-46,-45,-48,-42,-37,-36,-43,-41,-40,-34,-34,-33,-34,-33,-39,-45,-37,-39,-33,-31,-31,-38,-37,-28,-19,-20,-18,-19,-22,-25,-16,-23,-16,-16,-20,-28,-25,-20,-13,-17,-17,-17,-21,-23,-14,-11,-13,-13,-14,-16,-21,-14,-6,-6,-6,-9,-14,-17,-8,-7,-5,-7,-8,-15,-18,-11,-6,-5,1,4,-2,-32,-7,3,-1,-5,-5,-13,-17,-9,-3,-6,-3,-4,-11,-16,-7,-2,-3,-4,-5,-10,-13,-4,-2,-3,-4,-5,-8,-12,-7,2,-11,-1,-2,-9,-13,-5,-1,-1,-2,-3,-8,-12,-3,2,-4,-3,-4,-11,-12,-5,-3,-4,-1,-6,-9,-15,-3,-3,-1,-5,-2,-6,-5,8,1,-4,-7,-8,-11,-11,-10,-3,-5,-5,-9,-10,-9,-3,-4,-8,-8,-9,-10,-5,2,-3,-7,-7,-4,-10,-1,4,-1,-5,-9,-5,-5,2,13,7,-10,-7,-7,-15,-8,-6,-10,-14,-11,-12,-13,-13,-9,-12,-11,-12,-15,-18,-19,-18,-16,-13,-15,-16,-17,-15,-12,-11,-12,-12,-18,-24,-27,-28,-20,-22,-22,-22,-25,-26,-26,-14,-13,-7,-80,-30,-32,-27,-21,-15,-21,-20,-24,-28,-28,-19,-21,-25,-23,-23,-24,-21,-15,-15,-16,-42,-21,-18,-16,0,-2,6,-11,-90,-39,-28,-12,-11,-10,-4,-46,-44,-27,-16,-21,-23,-25,-29,-27,-26,-22,-24,-25,-27,-29,-42,-31,-21,-26,-31,-32,-31,-30,-31,-26,-28,-31,-28,-34,-31,-28,-20,-49,-31,-25,-32,-27,-33,-24,-34,-26,-26,-28,-23,-16,-18,-42,-22,-24,-30,-26,-21,-25,-22,-19,-21,-21,-27,-18,-17,-22,-22,-21,-25,-21,-18,-19,-21,-16,-18,-19,-16,-20,-20,-16,-6,-16,-17,-12,-6,-8,-9,-13,-12,-21,-14,-16,-12,-7,-11,-17,-15,-12,-45,-8,-9,-8,-9,-13,-12,-7,-8,-8,-7,-16,-26,-16,-10,-3,-6,-16,-16,-14,-12,-11,-8,-6,-12,-14,-16,-11,-5,-5,-8,-9,-8,-11,-8,4,-4,-6,-4,-3,-7,-6,3,5,1,2,0,-6,-6,-1,4,1,1,3,-2,0,10,-1,6,4,2,-1,-5,9,10,6,9,7,0,-2,10,6,9,11
51,Virginia,"8,631,393",1,2,4,8,1,2,-2,-3,4,5,1,4,7,6,6,6,10,7,14,9,6,3,6,7,7,6,7,7,3,-7,-14,-7,-13,-21,-23,-26,-37,-38,-34,-31,-39,-35,-37,-42,-39,-32,-40,-38,-38,-38,-45,-44,-38,-37,-38,-38,-39,-40,-59,-44,-36,-33,-34,-36,-43,-40,-38,-34,-32,-38,-38,-41,-41,-33,-32,-29,-38,-30,-33,-34,-26,-28,-30,-28,-32,-32,-29,-31,-28,-27,-29,-28,-31,-30,-30,-26,-27,-27,-26,-29,-29,-28,-23,-23,-24,-25,-27,-23,-17,-18,-17,-20,-22,-23,-19,-16,-15,-15,-17,-17,-19,-17,-17,-16,-17,-14,-17,-20,-16,-19,-11,-11,-14,-15,-19,-17,-12,-8,-7,-2,-8,-33,-20,-11,-11,-10,-11,-15,-17,-15,-12,-10,-8,-11,-14,-17,-16,-14,-12,-13,-12,-14,-17,-15,-12,-12,-9,-12,-14,-16,-14,-12,-13,-9,-15,-14,-16,-13,-12,-11,-13,-14,-16,-22,-16,-13,-11,-11,-12,-15,-18,-15,-15,-13,-11,-14,-16,-19,-13,-17,-11,-11,-11,-12,-14,-10,-12,-14,-18,-18,-17,-16,-15,-15,-12,-13,-20,-15,-13,-12,-14,-13,-13,-16,-18,-16,-15,-15,-17,-11,-12,-13,-13,-13,-14,-13,-13,-15,-15,-18,-20,-16,-15,-13,-13,-17,-13,-14,-14,-13,-12,-14,-14,-14,-20,-16,-15,-12,-19,-12,-15,-19,-16,-6,-17,-17,-17,-15,-14,-17,-14,-13,-24,-17,-16,-17,-17,-17,-17,-18,-18,-18,-17,-14,-8,2,-69,-26,-25,-20,-19,-15,-16,-17,-20,-19,-18,-21,-18,-17,-19,-19,-18,-16,-22,-10,-35,-19,-18,-17,-18,-6,-2,7,-15,-85,-34,-27,-15,-14,-9,-8,-47,-24,-29,-20,-20,-23,-23,-29,-25,-24,-25,-23,-24,-25,-28,-27,-26,-21,-25,-27,-27,-26,-26,-28,-30,-27,-23,-31,-24,-18,-58,-37,-29,-22,-23,-24,-19,-42,-27,-22,-21,-29,-33,-42,-20,-20,-20,-13,-56,-32,-22,-22,-28,-18,-14,-18,-21,-18,-22,-20,-17,-13,-17,-18,-16,-15,-18,-15,-13,-14,-15,-12,-10,-14,-14,-7,-16,-15,-10,-7,-11,-11,-13,-12,-11,-11,-13,-9,-6,-10,-7,-8,-9,-26,-5,-5,-4,-7,-13,-10,-6,-11,-9,-10,-10,-11,-10,-7,-13,-7,-10,-12,-12,-14,-9,-10,-7,-6,-9,-9,-8,-5,-9,-7,-4,-8,-11,-6,-1,-11,-7,-10,-9,-10,-9,-8,-8,-6,-4,-7,-8,-10,-5,-9,-5,-5,-4,-7,-13,-5,-6,-4,-4,-8,-8,-8,-4,-5,-3,-5,-7,-10,-9,-4,-4,-1,0
53,Washington,"7,705,281",2,2,15,12,5,4,4,3,4,10,3,6,9,9,7,7,18,4,6,5,2,-2,-3,7,2,1,1,-1,-9,-19,-10,-13,-26,-28,-31,-33,-43,-38,-36,-41,-44,-49,-51,-55,-48,-45,-42,-40,-44,-45,-50,-46,-40,-40,-40,-40,-42,-47,-56,-40,-39,-34,-35,-40,-47,-37,-34,-37,-40,-39,-40,-45,-36,-34,-33,-33,-33,-33,-43,-32,-30,-26,-32,-30,-31,-34,-22,-32,-31,-31,-33,-33,-40,-30,-28,-28,-30,-30,-31,-36,-24,-35,-26,-24,-26,-29,-41,-27,-22,-24,-22,-24,-26,-30,-20,-20,-21,-18,-20,-24,-27,-16,-18,-15,-15,-13,-17,-24,-13,-13,-13,-14,-14,-20,-26,-13,-12,-11,-10,-7,-12,-41,-17,-11,-13,-13,-15,-17,-24,-11,-11,-11,-11,-13,-17,-22,-9,-10,-11,-13,-14,-18,-21,-9,-11,-12,-12,-14,-16,-21,-9,-9,-9,-11,-15,-17,-23,-9,-11,-12,-13,-14,-17,-23,-12,-12,-13,-14,-15,-19,-23,-11,-13,-12,-13,-14,-18,-23,-9,-11,-9,-11,-11,-15,-22,-8,-14,-13,-15,-17,-22,-29,-22,-18,-17,-17,-19,-21,-20,-12,-17,-15,-19,-19,-20,-20,-12,-16,-16,-14,-14,-17,-19,-14,-16,-16,-18,-19,-19,-22,-18,-18,-19,-17,-18,-20,-20,-14,-20,-17,-18,-19,-22,-21,-13,-19,-18,-17,-18,-17,-19,-15,-17,-20,-22,-24,-21,-22,-16,-21,-20,-13,-23,-24,-25,-17,-23,-26,-29,-31,-30,-30,-26,-24,-21,-11,-73,-32,-36,-26,-25,-21,-23,-26,-26,-26,-24,-24,-26,-24,-27,-28,-27,-26,-23,-23,-23,-23,-25,-27,-20,-16,-8,-2,-19,-82,-40,-32,-20,-21,-22,-15,-49,-37,-30,-25,-26,-27,-29,-31,-34,-24,-30,-30,-23,-29,-31,-32,-25,-23,-29,-30,-32,-30,-30,-31,-30,-30,-30,-31,-30,-31,-26,-26,-27,-24,-29,-27,-28,-27,-28,-25,-22,-29,-36,-63,-45,-30,-24,-22,-27,-26,-23,-19,-25,-22,-20,-24,-22,-20,-13,-18,-18,-14,-21,-21,-19,-13,-20,-18,-16,-18,-17,-15,-12,-16,-12,-6,-14,-14,-14,-7,-13,-11,-13,-13,-14,-14,-12,-12,-10,-7,-9,-11,-12,-25,-6,-7,-10,-10,-14,-14,-1,-11,-10,-8,-9,-11,-12,1,-9,-7,-8,-12,-14,-17,-5,-12,-10,-10,-10,-12,-12,0,-11,-7,-6,-11,-12,-10,5,-9,-7,-8,-8,-10,-11,2,-10,-8,-8,-10,-11,-13,-3,-11,-8,-5,-9,-7,-12,2,-5,-2,-2,-5,-8,-11,-2,-6,-4,-3,-4,-8,-9,-2,-5,-2,0
54,West Virginia,"1,793,716",1,7,7,5,3,4,2,0,8,8,4,10,14,5,8,13,22,12,20,16,13,1,12,18,13,11,10,12,7,0,-3,-1,-5,-18,-22,-30,-35,-40,-34,-36,-46,-40,-43,-42,-38,-34,-37,-34,-35,-35,-40,-40,-35,-36,-38,-37,-42,-38,-62,-39,-34,-24,-29,-36,-36,-31,-26,-27,-27,-32,-36,-33,-35,-22,-20,-19,-22,-24,-22,-21,-11,-14,-19,-16,-28,-19,-13,-21,-11,-11,-13,-19,-17,-10,-9,-9,-12,-9,-12,-10,-4,-14,1,-1,-1,-10,-5,3,5,6,4,1,-6,-4,5,3,6,2,2,-5,-4,0,1,5,0,-1,-5,-4,2,-1,3,3,2,-6,-5,1,2,8,11,14,2,-24,-2,3,2,0,-2,-10,-9,-2,-2,1,-2,-5,-10,-10,-4,-5,-1,-5,-6,-11,-10,-3,-5,-1,-4,-7,-6,-7,0,2,2,-2,-4,-11,-9,-2,-4,-2,-5,-5,-11,-11,-3,-5,-3,-3,-5,-12,-10,-4,-6,-4,-4,-7,-12,-11,-3,-8,2,-3,-1,-6,-6,2,-10,-2,-6,-8,-12,-11,-8,-8,-3,-6,-7,-11,-6,-1,-6,-4,-8,-9,-11,-10,-4,-9,-9,-6,-3,-8,-7,-3,-8,-5,-8,-8,-11,-11,-9,-12,-8,-8,-8,-12,-9,-6,-12,-9,-8,-8,-11,-12,-10,-11,-8,-9,-13,-10,-10,-9,-11,0,-12,-11,-14,-10,-6,-11,-6,-12,-13,-16,-13,-15,-13,-13,-13,-14,-16,-15,-12,-14,-6,1,-79,-24,-20,-14,-15,-20,-15,-11,-18,-14,-13,-16,-14,-13,-14,-17,-12,-10,-17,-2,-35,-24,-16,-8,-7,-1,4,15,-21,-92,-33,-19,-12,-10,-4,-1,-42,-12,-16,-8,-10,-15,-16,-22,-16,-13,-17,-15,-18,-19,-25,-28,-24,-25,-20,-23,-22,-24,-20,-24,-27,-19,-19,-26,-20,-13,-40,-31,-28,-14,-15,-20,-14,-29,-19,-17,-21,-39,-23,-17,-10,-39,-33,-12,-44,-27,-20,-13,-19,-8,-5,-8,-14,-8,-12,-9,-3,0,-5,-11,-5,-1,-7,-3,-3,-7,-10,1,4,-4,5,15,3,-1,7,13,4,6,4,0,-3,2,3,2,7,2,8,4,6,-26,8,10,11,6,-1,3,9,0,6,1,0,-6,-1,7,1,6,-4,-3,-6,-3,4,1,5,3,0,-1,4,11,2,5,2,2,-4,5,10,-2,3,0,1,-4,1,6,-1,5,3,3,-3,-2,8,-1,6,4,7,-2,-1,6,-8,10,5,7,1,0,10,3,6,3,3,-6,-2,3,4,6,5
55,Wisconsin,"5,893,718",4,7,12,-6,-1,-1,0,2,11,15,2,0,4,5,5,14,19,5,7,8,4,5,14,18,0,6,5,6,2,-5,-5,-10,-20,-34,-39,-40,-48,-50,-36,-47,-52,-51,-51,-58,-55,-45,-47,-43,-44,-46,-51,-47,-45,-42,-47,-46,-46,-47,-70,-47,-46,-39,-40,-43,-42,-39,-38,-39,-39,-41,-42,-43,-33,-36,-37,-39,-32,-34,-34,-27,-29,-30,-29,-30,-35,-32,-35,-31,-29,-27,-28,-26,-27,-36,-24,-23,-14,-14,-19,-22,-6,-15,-13,-10,-16,-16,-15,-5,-9,-10,-5,-6,-11,-11,0,-4,-12,-8,-3,-8,-8,2,-2,-3,-1,-2,-7,-10,1,-7,-5,-2,-1,-11,-8,3,-5,2,7,11,0,-29,-5,0,-5,-1,-6,-7,-10,3,-1,-4,-5,-1,-9,-13,0,-3,-5,-2,-2,-9,-11,-4,-2,-5,-2,-2,-7,-11,-4,-2,-4,-2,-3,-9,-12,-3,-10,-3,-3,-4,-10,-12,-1,-5,-7,-4,-4,-9,-11,-2,-7,-9,-6,-7,-12,-9,1,-5,-7,-5,-4,-7,-9,1,-6,-16,-13,-12,-15,-12,-8,-11,-10,-9,-10,-11,-8,-6,-11,-13,-11,-13,-13,-12,-8,-15,-16,-13,-12,-14,-13,-7,-14,-15,-13,-14,-15,-13,-9,-18,-17,-15,-15,-16,-15,-17,-19,-21,-16,-22,-18,-17,-20,-18,-19,-15,-16,-16,-18,-20,-19,-11,-19,-19,-19,-16,-12,-19,-25,-17,-22,-23,-21,-25,-22,-22,-19,-19,-21,-24,-21,-16,-21,-1,-77,-21,-23,-19,-19,-18,-17,-18,-19,-15,-17,-20,-21,-16,-17,-20,-25,-16,-17,-17,-13,-14,-15,-15,-7,-6,-2,9,-23,-86,-28,-24,-11,-14,-19,0,-46,-24,-24,-19,-20,-20,-23,-23,-19,-18,-23,-24,-21,-27,-29,-28,-20,-21,-29,-26,-24,-25,-21,-34,-26,-39,-23,-25,-23,-21,-41,-24,-23,-15,-43,-32,-27,-34,-29,-27,-23,-25,-25,-28,-19,-27,-30,-23,-23,-22,-16,-21,-25,-20,-16,-18,-17,-10,-14,-18,-19,-12,-16,-16,-9,-6,-15,-14,-15,-15,-14,-6,-3,-20,-17,-4,-9,-9,-3,3,-9,-12,-9,-11,-11,-9,-3,-7,-9,-5,-2,-4,-6,-34,-3,-5,-3,-9,-10,-7,1,-9,-11,-8,-9,-9,-3,3,-12,-11,-10,-8,-9,-5,3,-9,-8,-5,-6,-5,-2,8,-8,-6,0,-4,-6,1,12,-7,-5,-1,-2,-4,-2,11,0,-4,0,-1,-5,-1,5,-1,-2,5,-3,-1,-1,13,2,2,6,6,1,1,14,5,5,9,7,1,1,14,7,5,9
56,Wyoming,"576,851",2,4,5,2,2,0,5,3,7,8,-2,-1,8,9,10,13,0,5,11,9,11,8,13,9,9,9,8,6,-3,-7,-4,1,-7,-13,-31,-38,-39,-38,-28,-31,-35,-36,-42,-44,-37,-31,-31,-33,-44,-37,-42,-39,-32,-32,-32,-32,-33,-41,-64,-39,-36,-29,-40,-33,-32,-30,-22,-21,-24,-30,-31,-27,-25,-19,-21,-18,-20,-20,-22,-17,-14,-11,-16,-20,-18,-17,-9,-14,-13,-12,-13,-13,-11,-3,0,0,-2,0,-5,-9,-2,-4,1,-1,1,-3,-5,6,11,7,5,5,-1,-7,5,6,5,8,9,4,1,15,13,11,11,11,4,5,13,15,13,12,11,5,4,14,18,18,21,28,14,-11,12,24,18,17,17,8,7,18,17,17,17,16,7,5,17,18,15,17,16,8,6,17,18,14,14,16,11,8,19,22,19,18,17,9,9,20,19,17,17,16,9,8,18,17,17,10,10,5,4,13,12,8,6,5,2,1,11,10,10,6,9,6,6,18,9,-6,0,3,-2,4,9,8,9,4,4,0,2,10,6,4,1,-1,-5,-3,1,2,2,2,1,-4,-2,3,1,1,-3,-3,-7,-4,-4,-3,-2,-5,-6,-9,-11,-10,-6,-4,-6,-13,-14,-18,-34,-14,-9,-10,-8,-10,-5,-11,-8,4,-14,-13,-17,-16,-19,-19,-16,-16,-18,-21,-24,-19,-14,-14,-17,-19,-21,-17,-17,-12,-9,-1,-77,-25,-20,-18,-12,-15,-17,-16,-18,-13,-13,-14,-13,-15,-17,-24,-21,-18,-15,-12,-12,-13,-18,-13,-10,1,0,3,-15,-87,-26,-22,-13,-14,-10,-1,-41,-21,-19,-7,-14,-15,-17,-20,-20,-14,-15,-15,-21,-22,-21,-19,-17,-18,-16,-20,-19,-22,-26,-22,-19,-20,-20,-18,-18,-16,-12,-12,-12,-19,-19,-22,-22,-26,-19,-18,-18,-21,-28,-27,-19,-18,-16,-20,-17,-19,-15,-14,-14,-14,-13,-13,-14,-14,-8,-7,-6,-6,-7,-11,-7,0,-8,-6,-19,-9,-13,-22,-56,-38,-26,-3,-2,-6,-1,2,-1,-4,-3,-5,-10,-4,1,-8,-3,-2,1,-4,-3,-23,3,-5,-2,-3,-9,0,-1,-5,-3,-11,-14,-14,-3,3,-13,-3,-4,-3,-10,-4,2,-3,-3,-1,1,-2,1,3,2,3,3,2,-3,4,15,-3,1,3,6,0,4,13,9,14,8,8,-2,2,9,12,13,10,17,11,9,22,13,21,16,19,8,9,25,22,22,18,19,9,12,26,24,26,22
